AENO,AEON,4,1,0.002837,1
AEOR,AERO,4,2,0.002837,1
AEOT,TOEA,4,3,0.002837,1
AEEL,ALEE,4,4,0.002473,1
AEES,EASE,4,5,0.002473,1
DEEI,EIDE,4,6,0.002473,1
AAER,AREA,4,7,0.00247,1
EENR,ERNE,4,8,0.002399,1
EENT,TEEN,4,9,0.002399,1
EERT,"RETE
TREE",4,10,0.002399,2
ADEI,"AIDE
IDEA",4,11,0.002306,2
AEIL,ILEA,4,12,0.002306,1
AENR,"EARN
NEAR",4,13,0.00224,2
AENT,"ANTE
ETNA
NEAT",4,14,0.00224,3
AERT,"RATE
TARE
TEAR",4,15,0.00224,3
EINR,REIN,4,16,0.00224,1
EINT,"NITE
TEIN
TINE",4,17,0.00224,3
EIRT,"RITE
TIER
TIRE",4,18,0.00224,3
AINO,NAOI,4,19,0.002205,1
AIOT,IOTA,4,20,0.002205,1
ADEO,ODEA,4,21,0.002085,1
AELO,"ALOE
OLEA",4,22,0.002085,2
AEEG,AGEE,4,23,0.002037,1
ENOR,RENO,4,24,0.002026,1
ENOT,"NOTE
TONE",4,25,0.002026,2
EORT,"ROTE
TORE",4,26,0.002026,2
AAIR,"ARIA
RAIA",4,27,0.001923,2
AIIN,INIA,4,28,0.001923,1
EEGO,OGEE,4,29,0.001842,1
AAEL,ALAE,4,30,0.001824,1
AAES,ASEA,4,31,0.001824,1
DEEN,"DENE
NEED",4,32,0.001769,2
DEER,"DEER
DERE
DREE
REDE
REED",4,33,0.001769,5
DEET,"DEET
TEED",4,34,0.001769,2
EELR,"LEER
REEL",4,35,0.001769,2
EELT,"LEET
TEEL
TELE",4,36,0.001769,3
EENS,"ESNE
SEEN
SENE",4,37,0.001769,3
EERS,"REES
SEER
SERE",4,38,0.001769,3
EEST,TEES,4,39,0.001769,1
AANO,ANOA,4,40,0.001741,1
AINR,"AIRN
RAIN
RANI",4,41,0.00174,3
AINT,"ANTI
TAIN
TIAN",4,42,0.00174,3
AIRT,AIRT,4,43,0.00174,1
EENN,NENE,4,44,0.001717,1
ADEN,DEAN,4,45,0.001643,1
ADER,"DARE
DEAR
READ",4,46,0.001643,3
ADET,DATE,4,47,0.001643,1
AELN,"ELAN
LANE
LEAN",4,48,0.001643,3
AELR,"EARL
LEAR
RALE
REAL",4,49,0.001643,4
AELT,"LATE
TAEL
TALE
TEAL
TELA",4,50,0.001643,5
AENS,"ANES
NAES
SANE",4,51,0.001643,3
AERS,"ARES
ARSE
EARS
ERAS
RASE
SEAR
SERA",4,52,0.001643,7
AERU,UREA,4,53,0.001643,1
AEST,"ATES
EAST
EATS
ETAS
SATE
SEAT
SETA
TASE
TEAS",4,54,0.001643,9
DEIN,"DENI
DINE
NIDE",4,55,0.001643,3
DEIR,"DIRE
IRED
RIDE",4,56,0.001643,3
DEIT,"DIET
DITE
EDIT
TIDE
TIED",4,57,0.001643,5
EILN,"LIEN
LINE",4,58,0.001643,2
EILR,"LIER
LIRE
RIEL
RILE",4,59,0.001643,4
EILT,"LITE
TILE",4,60,0.001643,2
EINS,SINE,4,61,0.001643,1
EIRS,"IRES
REIS
RISE
SIRE",4,62,0.001643,4
EIST,"SITE
TIES",4,63,0.001643,2
EITU,ETUI,4,64,0.001643,1
AERR,"RARE
REAR",4,65,0.001613,2
AETT,"TATE
TEAT",4,66,0.001613,2
EINN,NINE,4,67,0.001613,1
AEEV,EAVE,4,68,0.001601,1
AEEW,AWEE,4,69,0.001601,1
ENRT,"RENT
TERN",4,70,0.001597,2
ANOR,ROAN,4,71,0.001573,1
ANOT,NOTA,4,72,0.001573,1
AORT,"RATO
ROTA
TARO
TORA",4,73,0.001573,4
INOR,"INRO
IRON
NOIR
NORI",4,74,0.001573,4
INOT,INTO,4,75,0.001573,1
IORT,"RIOT
ROTI
TIRO
TORI
TRIO",4,76,0.001573,5
EEEP,EPEE,4,77,0.001561,1
EEEW,EEEW,4,78,0.001561,1
DENO,"DONE
NODE",4,79,0.001485,2
DEOR,"DOER
DORE
REDO
RODE",4,80,0.001485,4
DEOT,"DOTE
TOED",4,81,0.001485,2
ELNO,"ENOL
LENO
LONE
NOEL",4,82,0.001485,4
ELOR,"LORE
ORLE
ROLE",4,83,0.001485,3
ELOT,TOLE,4,84,0.001485,1
ENOS,"EONS
NOES
NOSE
ONES
SONE",4,85,0.001485,5
EORS,"EROS
ORES
ROES
ROSE
SORE",4,86,0.001485,5
EORU,"EURO
ROUE",4,87,0.001485,2
EOST,TOES,4,88,0.001485,1
AEIM,AMIE,4,89,0.001477,1
ENNO,"NEON
NONE",4,90,0.00146,2
EOTT,TOTE,4,91,0.00146,1
ELOO,OLEO,4,92,0.001457,1
EEGN,GENE,4,93,0.001454,1
EEGR,"EGER
GREE",4,94,0.001454,2
AIIL,ILIA,4,95,0.001418,1
AANT,ANTA,4,96,0.001377,1
IINT,INTI,4,97,0.001377,1
AEGN,"GAEN
GANE
GEAN",4,98,0.001345,3
AEGR,"AGER
AREG
GEAR
RAGE",4,99,0.001345,4
AEGT,"GATE
GETA",4,100,0.001345,2
EGIN,GIEN,4,101,0.001345,1
EGIT,GITE,4,102,0.001345,1
EIOW,OWIE,4,103,0.001333,1
AGIO,AGIO,4,104,0.001325,1
DEEL,"DELE
LEDE",4,105,0.0013,2
DEES,"DEES
SEED",4,106,0.0013,2
EELS,"EELS
ELSE
LEES
SEEL",4,107,0.0013,4
ADIR,"ARID
RAID",4,108,0.001275,2
ADIT,"ADIT
DITA",4,109,0.001275,2
AILN,"ANIL
LAIN
NAIL",4,110,0.001275,3
AILR,"ARIL
LAIR
LARI
LIAR
LIRA
RAIL
RIAL",4,111,0.001275,7
AILT,"ALIT
LATI
TAIL
TALI",4,112,0.001275,4
AINS,"AINS
ANIS
SAIN",4,113,0.001275,3
AINU,UNAI,4,114,0.001275,1
AIRS,"AIRS
RAIS
RIAS
SARI",4,115,0.001275,4
AIST,"AITS
SATI",4,116,0.001275,2
ANRT,"RANT
TARN",4,117,0.001239,2
EGNO,GONE,4,118,0.001215,1
EGOR,"ERGO
GOER
GORE
OGRE",4,119,0.001215,4
ADEL,"DALE
DEAL
LADE
LEAD",4,120,0.001202,4
ADES,SADE,4,121,0.001202,1
AELS,"ALES
LASE
LEAS
SALE
SEAL",4,122,0.001202,5
DEIL,"DEIL
DELI
DIEL
IDLE
LIED",4,123,0.001202,5
DEIS,"DESI
DIES
IDES
SIDE",4,124,0.001202,4
EILS,"ISLE
LEIS
LIES",4,125,0.001202,3
EILU,LIEU,4,126,0.001202,1
DENR,"NERD
REND",4,127,0.001169,2
DENT,"DENT
TEND",4,128,0.001169,2
ELNT,LENT,4,129,0.001169,1
ENRS,ERNS,4,130,0.001169,1
ENRU,RUNE,4,131,0.001169,1
ENST,"NEST
NETS
SENT
TENS",4,132,0.001169,4
ENTU,TUNE,4,133,0.001169,1
ERST,"ERST
REST
RETS
TRES",4,134,0.001169,4
ERTU,TRUE,4,135,0.001169,1
AEEJ,AJEE,4,136,0.001164,1
AEEK,AKEE,4,137,0.001164,1
ENTT,"NETT
TENT",4,138,0.001154,2
ERTT,TRET,4,139,0.001154,1
ADNO,DONA,4,140,0.001152,1
ADOR,"ORAD
ROAD",4,141,0.001152,2
ADOT,"DATO
DOAT
TOAD",4,142,0.001152,3
ALNO,LOAN,4,143,0.001152,1
ALOR,ORAL,4,144,0.001152,1
ALOT,"ALTO
LOTA
TOLA",4,145,0.001152,3
ANOS,NAOS,4,146,0.001152,1
AORS,"OARS
OSAR
SOAR
SORA",4,147,0.001152,4
AOST,"OAST
OATS
STOA
TAOS
TOSA",4,148,0.001152,5
AOTU,"AUTO
OUTA",4,149,0.001152,2
DINO,"DINO
NODI",4,150,0.001152,2
DIOT,DOIT,4,151,0.001152,1
ILNO,"LINO
LION
LOIN
NOIL",4,152,0.001152,4
ILOR,ROIL,4,153,0.001152,1
ILOT,"LOTI
TOIL",4,154,0.001152,2
INOS,IONS,4,155,0.001152,1
IORS,SORI,4,156,0.001152,1
BEEN,"BEEN
BENE",4,157,0.001138,2
BEER,"BEER
BREE",4,158,0.001138,2
BEET,BEET,4,159,0.001138,1
CEER,CERE,4,160,0.001138,1
CEET,CETE,4,161,0.001138,1
EEFR,"FERE
FREE
REEF",4,162,0.001138,3
EEFT,"FEET
FETE",4,163,0.001138,2
EEHR,HERE,4,164,0.001138,1
EEHT,THEE,4,165,0.001138,1
EEMN,NEEM,4,166,0.001138,1
EEMR,MERE,4,167,0.001138,1
EEMT,"MEET
METE
TEEM",4,168,0.001138,3
EENP,"NEEP
PEEN",4,169,0.001138,2
EENV,"EVEN
NEVE",4,170,0.001138,2
EENW,WEEN,4,171,0.001138,1
EENY,"EYEN
EYNE",4,172,0.001138,2
EEPR,"PEER
PERE
PREE",4,173,0.001138,3
EERV,"EVER
VEER",4,174,0.001138,2
EERW,"EWER
WEER
WERE",4,175,0.001138,3
EERY,"EERY
EYER
EYRE",4,176,0.001138,3
EETW,"TWEE
WEET",4,177,0.001138,2
EETY,TYEE,4,178,0.001138,1
ANNO,"ANON
NANO
NONA",4,179,0.001135,3
AORR,"ORRA
ROAR",4,180,0.001135,2
INNO,NONI,4,181,0.001135,1
IOTT,TOIT,4,182,0.001135,1
ILOO,OLIO,4,183,0.001132,1
NORT,TORN,4,184,0.00112,1
NOOT,"ONTO
TOON",4,185,0.0011,2
OORT,"ROOT
ROTO
TORO",4,186,0.0011,3
DELO,"DOLE
LODE
OLDE",4,187,0.001085,3
DEOS,"DOES
DOSE
ODES",4,188,0.001085,3
ELOS,"LOSE
OLES
SLOE
SOLE",4,189,0.001085,4
DEEG,"EDGE
GEED",4,190,0.001065,2
EEGL,GLEE,4,191,0.001065,1
EEGS,GEES,4,192,0.001065,1
ABEN,"BANE
BEAN
NABE",4,193,0.001047,3
ABER,"BARE
BEAR
BRAE",4,194,0.001047,3
ABET,"ABET
BATE
BEAT
BETA",4,195,0.001047,4
ACEN,"ACNE
CANE",4,196,0.001047,2
ACER,"ACRE
CARE
RACE",4,197,0.001047,3
ACET,"CATE
TACE",4,198,0.001047,2
AEFN,FANE,4,199,0.001047,1
AEFR,"FARE
FEAR
FRAE",4,200,0.001047,3
AEFT,"FATE
FEAT
FETA",4,201,0.001047,3
AEHN,HAEN,4,202,0.001047,1
AEHR,"HARE
HEAR
RHEA",4,203,0.001047,3
AEHT,"EATH
HAET
HATE
HEAT
THAE",4,204,0.001047,5
AEMN,"AMEN
MANE
MEAN
NAME
NEMA",4,205,0.001047,5
AEMR,"MARE
REAM",4,206,0.001047,2
AEMT,"MATE
MEAT
META
TAME
TEAM",4,207,0.001047,5
AENP,"NAPE
NEAP
PANE
PEAN",4,208,0.001047,4
AENV,"NAVE
VANE
VENA",4,209,0.001047,3
AENW,"ANEW
WANE
WEAN",4,210,0.001047,3
AENY,YEAN,4,211,0.001047,1
AEPR,"APER
PARE
PEAR
RAPE
REAP",4,212,0.001047,5
AEPT,"PATE
PEAT
TAPE
TEPA",4,213,0.001047,4
AERV,"AVER
RAVE
VERA",4,214,0.001047,3
AERW,"WARE
WEAR",4,215,0.001047,2
AERY,"AERY
EYRA
YARE
YEAR",4,216,0.001047,4
AETW,"TWAE
WETA",4,217,0.001047,2
BEIN,BINE,4,218,0.001047,1
BEIR,"BIER
BRIE",4,219,0.001047,2
BEIT,BITE,4,220,0.001047,1
CEIN,"CINE
NICE",4,221,0.001047,2
CEIR,"CIRE
RICE",4,222,0.001047,2
CEIT,"CITE
ETIC",4,223,0.001047,2
EFIN,"FINE
NEIF",4,224,0.001047,2
EFIR,"FIRE
REIF
RIFE",4,225,0.001047,3
EHIR,"HEIR
HIRE",4,226,0.001047,2
EIMN,"MIEN
MINE",4,227,0.001047,2
EIMR,"EMIR
MIRE
RIME",4,228,0.001047,3
EIMT,"EMIT
ITEM
MITE
TIME",4,229,0.001047,4
EINP,"PEIN
PINE",4,230,0.001047,2
EINV,"NEVI
VEIN
VINE",4,231,0.001047,3
EINW,WINE,4,232,0.001047,1
EIPR,"PERI
PIER
RIPE",4,233,0.001047,3
EIRV,"RIVE
VIER",4,234,0.001047,2
EIRW,"WEIR
WIRE",4,235,0.001047,2
EITW,WITE,4,236,0.001047,1
EITY,YETI,4,237,0.001047,1
AGIN,"AGIN
GAIN",4,238,0.001042,2
AGIR,RAGI,4,239,0.001042,1
AGIT,GAIT,4,240,0.001042,1
ABIO,OBIA,4,241,0.001032,1
ACIO,CIAO,4,242,0.001032,1
AHIO,OHIA,4,243,0.001032,1
AADN,NADA,4,244,0.001013,1
AADT,DATA,4,245,0.001013,1
AALN,"ALAN
ANAL
NALA",4,246,0.001013,3
AALR,ALAR,4,247,0.001013,1
AALT,TALA,4,248,0.001013,1
AANS,"ANAS
ANSA",4,249,0.001013,2
AARU,AURA,4,250,0.001013,1
DIIN,NIDI,4,251,0.001013,1
DIIR,IRID,4,252,0.001013,1
IILR,LIRI,4,253,0.001013,1
IINS,NISI,4,254,0.001013,1
IIRS,IRIS,4,255,0.001013,1
AANN,"ANNA
NAAN
NANA",4,256,0.0009885,3
IITT,TITI,4,257,0.0009885,1
ADEG,"AGED
EGAD
GAED",4,258,0.0009808,3
AEGL,"EGAL
GALE",4,259,0.0009808,2
AEGS,"AGES
GAES
SAGE",4,260,0.0009808,3
AEGU,AGUE,4,261,0.0009808,1
DEGI,GIED,4,262,0.0009808,1
EGIS,"EGIS
GIES",4,263,0.0009808,2
AEOZ,ZOEA,4,264,0.0009574,1
EGNT,GENT,4,265,0.0009548,1
BENO,"BONE
EBON",4,266,0.0009446,2
BEOR,"BORE
ROBE",4,267,0.0009446,2
CENO,"CONE
ONCE",4,268,0.0009446,2
CEOR,"CERO
CORE",4,269,0.0009446,2
CEOT,COTE,4,270,0.0009446,1
EFOR,"FORE
FROE",4,271,0.0009446,2
EHNO,HONE,4,272,0.0009446,1
EHOR,"HERO
HOER",4,273,0.0009446,2
EMNO,"MENO
NOME
OMEN",4,274,0.0009446,3
EMOR,"MORE
OMER",4,275,0.0009446,2
EMOT,"MOTE
TOME",4,276,0.0009446,2
ENOP,"NOPE
OPEN
PEON
PONE",4,277,0.0009446,4
ENOV,OVEN,4,278,0.0009446,1
ENOW,ENOW,4,279,0.0009446,1
EOPR,"PORE
REPO
ROPE",4,280,0.0009446,3
EOPT,"POET
TOPE",4,281,0.0009446,2
EORV,"OVER
ROVE",4,282,0.0009446,2
EORW,WORE,4,283,0.0009446,1
EORY,"OYER
YORE",4,284,0.0009446,2
EOTV,"VETO
VOTE",4,285,0.0009446,2
AGNO,AGON,4,286,0.000941,1
AGOR,AGRO,4,287,0.000941,1
AGOT,"GOAT
TOGA",4,288,0.000941,2
GIOR,GIRO,4,289,0.000941,1
BEOO,OBOE,4,290,0.0009385,1
ADIL,"DIAL
LAID",4,291,0.0009308,2
ADIS,"AIDS
DAIS
SADI
SAID",4,292,0.0009308,4
AILS,"AILS
LIAS
SAIL
SIAL",4,293,0.0009308,4
AACI,ACAI,4,294,0.0009135,1
AAIM,AMIA,4,295,0.0009135,1
ADNR,"DARN
NARD
RAND",4,296,0.0009058,3
ADRT,"DART
DRAT
TRAD",4,297,0.0009058,3
ALNR,LARN,4,298,0.0009058,1
ANST,"ANTS
TANS",4,299,0.0009058,2
ANTU,"AUNT
TUNA",4,300,0.0009058,2
ARST,"ARTS
RATS
STAR
TARS
TSAR",4,301,0.0009058,5
DINR,RIND,4,302,0.0009058,1
DINT,DINT,4,303,0.0009058,1
DIRT,DIRT,4,304,0.0009058,1
ILNT,LINT,4,305,0.0009058,1
ILRT,TIRL,4,306,0.0009058,1
INRS,RINS,4,307,0.0009058,1
INRU,RUIN,4,308,0.0009058,1
INST,"NITS
SNIT
TINS",4,309,0.0009058,3
INTU,UNIT,4,310,0.0009058,1
IRST,STIR,4,311,0.0009058,1
ARTT,TART,4,312,0.0008967,1
INTT,TINT,4,313,0.0008967,1
DEGO,DOGE,4,314,0.0008854,1
EGLO,"LOGE
OGLE",4,315,0.0008854,2
EGOS,"EGOS
GOES
SEGO",4,316,0.0008854,3
DELN,LEND,4,317,0.0008528,1
DELT,DELT,4,318,0.0008528,1
DENS,"DENS
ENDS
SEND
SNED",4,319,0.0008528,4
DENU,"DUNE
NUDE
UNDE",4,320,0.0008528,3
DERS,REDS,4,321,0.0008528,1
DERU,"DURE
RUDE
RUED",4,322,0.0008528,3
DEST,TEDS,4,323,0.0008528,1
DETU,DUET,4,324,0.0008528,1
ELNS,LENS,4,325,0.0008528,1
ELNU,LUNE,4,326,0.0008528,1
ELRU,"LURE
RULE",4,327,0.0008528,2
ELST,"LEST
LETS
TELS",4,328,0.0008528,3
ELTU,"LUTE
TULE",4,329,0.0008528,2
ERSU,"RUES
RUSE
SUER
SURE
USER",4,330,0.0008528,5
ESTU,"SUET
UTES",4,331,0.0008528,2
ERRS,ERRS,4,332,0.0008477,1
ERRU,RUER,4,333,0.0008477,1
ESTT,"SETT
STET
TEST
TETS",4,334,0.0008477,4
DDEE,DEED,4,335,0.0008446,1
EESS,"ESES
ESSE
SEES",4,336,0.0008446,3
ADLO,LOAD,4,337,0.0008406,1
ADOS,"ADOS
DOSA
ODAS
SODA",4,338,0.0008406,4
ALOS,"ALSO
SOLA",4,339,0.0008406,2
DILO,"DIOL
IDOL
LIDO
LOID",4,340,0.0008406,4
ILOS,"OILS
SILO
SOIL
SOLI",4,341,0.0008406,4
AAGN,"ANGA
NAGA",4,342,0.0008309,2
AAGR,"AGAR
RAGA",4,343,0.0008309,2
BEES,BEES,4,344,0.0008304,1
CDEE,CEDE,4,345,0.0008304,1
CEES,CEES,4,346,0.0008304,1
DEEF,FEED,4,347,0.0008304,1
DEEH,HEED,4,348,0.0008304,1
DEEM,"DEEM
DEME
MEED",4,349,0.0008304,3
DEEP,"DEEP
PEED",4,350,0.0008304,2
DEEW,WEED,4,351,0.0008304,1
DEEY,EYED,4,352,0.0008304,1
EEFL,"FEEL
FLEE",4,353,0.0008304,2
EEFS,FEES,4,354,0.0008304,1
EEHL,HEEL,4,355,0.0008304,1
EELP,"PEEL
PELE",4,356,0.0008304,2
EELW,WEEL,4,357,0.0008304,1
EELY,EELY,4,358,0.0008304,1
EEMS,"EMES
SEEM
SEME",4,359,0.0008304,3
EEMU,EMEU,4,360,0.0008304,1
EEPS,"PEES
SEEP",4,361,0.0008304,2
EESV,"EVES
VEES",4,362,0.0008304,2
EESW,"EWES
WEES",4,363,0.0008304,2
EESY,EYES,4,364,0.0008304,1
EEJR,JEER,4,365,0.0008232,1
EEJT,JETE,4,366,0.0008232,1
EEKN,"KEEN
KNEE",4,367,0.0008232,2
EEKR,REEK,4,368,0.0008232,1
EEKT,KEET,4,369,0.0008232,1
DORT,TROD,4,370,0.0008181,1
LNOR,LORN,4,371,0.0008181,1
LORT,ROTL,4,372,0.0008181,1
NORS,SORN,4,373,0.0008181,1
NOST,"SNOT
TONS",4,374,0.0008181,2
NOTU,UNTO,4,375,0.0008181,1
ORST,"ORTS
ROTS
SORT
TORS",4,376,0.0008181,4
ORTU,"ROUT
TOUR
TROU",4,377,0.0008181,3
ORRT,TORR,4,378,0.000811,1
ORTT,"TORT
TROT",4,379,0.000811,2
ABIN,BANI,4,380,0.0008094,1
ABIR,ABRI,4,381,0.0008094,1
ABIT,BAIT,4,382,0.0008094,1
ACIN,CAIN,4,383,0.0008094,1
AFIN,"FAIN
NAIF",4,384,0.0008094,2
AFIR,"FAIR
FIAR",4,385,0.0008094,2
AFIT,FIAT,4,386,0.0008094,1
AHIR,HAIR,4,387,0.0008094,1
AIMN,"AMIN
MAIN
MINA",4,388,0.0008094,3
AIMR,"AMIR
MAIR
RAMI",4,389,0.0008094,3
AINP,"NIPA
PAIN
PIAN
PINA",4,390,0.0008094,4
AINV,"VAIN
VINA",4,391,0.0008094,2
AINW,WAIN,4,392,0.0008094,1
AINY,AYIN,4,393,0.0008094,1
AIPR,PAIR,4,394,0.0008094,1
AIPT,PITA,4,395,0.0008094,1
AIRV,VAIR,4,396,0.0008094,1
AIRW,WAIR,4,397,0.0008094,1
AIRY,AIRY,4,398,0.0008094,1
AITV,VITA,4,399,0.0008094,1
AITW,WAIT,4,400,0.0008094,1
DOOR,"DOOR
ODOR
ORDO
ROOD",4,401,0.0008079,4
LNOO,"LOON
NOLO",4,402,0.0008079,2
LOOT,"LOOT
LOTO
TOOL",4,403,0.0008079,3
NOOS,"ONOS
SOON",4,404,0.0008079,2
OORS,ROOS,4,405,0.0008079,1
OOST,"OOTS
SOOT",4,406,0.0008079,2
NNOO,NOON,4,407,0.0007906,1
OOTT,"OTTO
TOOT",4,408,0.0007906,2
ADDE,DEAD,4,409,0.0007834,1
AELL,LEAL,4,410,0.0007834,1
AESS,SEAS,4,411,0.0007834,1
DDEI,DIED,4,412,0.0007834,1
EISS,SEIS,4,413,0.0007834,1
ABDE,"ABED
BADE
BEAD",4,414,0.00076,3
ABEL,"ABLE
BALE
BEAL
BLAE",4,415,0.00076,4
ABES,"BASE
SABE",4,416,0.00076,2
ABEU,BEAU,4,417,0.00076,1
ACDE,"ACED
CADE
DACE",4,418,0.00076,3
ACEL,"ALEC
LACE",4,419,0.00076,2
ACES,"ACES
CASE",4,420,0.00076,2
ADEF,"DEAF
FADE",4,421,0.00076,2
ADEH,"AHED
HADE
HAED
HEAD",4,422,0.00076,4
ADEM,"DAME
MADE
MEAD",4,423,0.00076,3
ADEP,APED,4,424,0.00076,1
ADEV,DEVA,4,425,0.00076,1
ADEW,"AWED
WADE",4,426,0.00076,2
AEFL,"ALEF
FEAL
FLEA
LEAF",4,427,0.00076,4
AEFS,SAFE,4,428,0.00076,1
AEHL,"HALE
HEAL",4,429,0.00076,2
AEHS,"HAES
SHEA",4,430,0.00076,2
AELM,"ALME
LAME
MALE
MEAL",4,431,0.00076,4
AELP,"LEAP
PALE
PEAL
PLEA",4,432,0.00076,4
AELV,"LAVE
LEVA
VALE
VEAL
VELA",4,433,0.00076,5
AELW,"WALE
WEAL",4,434,0.00076,2
AEMS,"MAES
MESA
SAME
SEAM",4,435,0.00076,4
AEPS,"APES
APSE
PASE
PEAS
SPAE",4,436,0.00076,5
AESV,"AVES
SAVE
VASE",4,437,0.00076,3
AESW,"AWES
WAES",4,438,0.00076,2
AESY,"AYES
EASY
EYAS
YEAS",4,439,0.00076,4
AEUV,UVEA,4,440,0.00076,1
BDEI,BIDE,4,441,0.00076,1
BEIL,BILE,4,442,0.00076,1
BEIS,BISE,4,443,0.00076,1
CDEI,"CEDI
DICE
ICED",4,444,0.00076,3
CEIL,"CEIL
LICE",4,445,0.00076,2
CEIS,"ICES
SICE",4,446,0.00076,2
DEFI,DEFI,4,447,0.00076,1
DEHI,"HIDE
HIED",4,448,0.00076,2
DEIM,"DIME
IDEM",4,449,0.00076,2
DEIP,PIED,4,450,0.00076,1
DEIV,"DEVI
DIVE
VIDE
VIED",4,451,0.00076,4
DEIW,WIDE,4,452,0.00076,1
EFIL,"FILE
LIEF
LIFE",4,453,0.00076,3
EFIS,SEIF,4,454,0.00076,1
EHIL,"ELHI
HEIL",4,455,0.00076,2
EHIS,HIES,4,456,0.00076,1
EILM,"LIME
MILE",4,457,0.00076,2
EILP,"LIPE
PILE
PLIE",4,458,0.00076,3
EILV,"EVIL
LIVE
VEIL
VILE
VLEI",4,459,0.00076,5
EILW,"LWEI
WILE",4,460,0.00076,2
EIMS,"MISE
SEMI",4,461,0.00076,2
EIPS,"PIES
SIPE",4,462,0.00076,2
EISV,"VIES
VISE",4,463,0.00076,2
EISW,WISE,4,464,0.00076,1
ADGI,GADI,4,465,0.0007589,1
AGIL,GLIA,4,466,0.0007589,1
AEJN,"JANE
JEAN",4,467,0.0007482,2
AEKN,KANE,4,468,0.0007482,1
AEKR,RAKE,4,469,0.0007482,1
AEKT,"KETA
TAKE
TEAK",4,470,0.0007482,3
AERZ,RAZE,4,471,0.0007482,1
AETZ,ZETA,4,472,0.0007482,1
EIKN,KINE,4,473,0.0007482,1
EIKR,"KEIR
KIER",4,474,0.0007482,2
EIKT,"KITE
TIKE",4,475,0.0007482,2
EINX,NIXE,4,476,0.0007482,1
EINZ,"ZEIN
ZINE",4,477,0.0007482,2
EITX,EXIT,4,478,0.0007482,1
AALS,"AALS
ALAS",4,479,0.0007426,2
BENR,BREN,4,480,0.0007406,1
BENT,BENT,4,481,0.0007406,1
CENT,CENT,4,482,0.0007406,1
CERT,CERT,4,483,0.0007406,1
EFNR,FERN,4,484,0.0007406,1
EFRT,"FRET
REFT
TREF",4,485,0.0007406,3
EHNR,HERN,4,486,0.0007406,1
EHNT,"HENT
THEN",4,487,0.0007406,2
EMRT,"TERM
TREM",4,488,0.0007406,2
ENPT,PENT,4,489,0.0007406,1
ENRW,WREN,4,490,0.0007406,1
ENTV,VENT,4,491,0.0007406,1
ENTW,"NEWT
WENT",4,492,0.0007406,2
ENTY,TYNE,4,493,0.0007406,1
EPRT,PERT,4,494,0.0007406,1
ERTV,VERT,4,495,0.0007406,1
ERTW,WERT,4,496,0.0007406,1
ERTY,"TREY
TYER
TYRE",4,497,0.0007406,3
AGNR,"GNAR
GRAN
RANG",4,498,0.0007391,3
AGNT,"GNAT
TANG",4,499,0.0007391,2
AGRT,GRAT,4,500,0.0007391,1
GINR,"GIRN
GRIN
RING",4,501,0.0007391,3
GINT,TING,4,502,0.0007391,1
GIRT,"GIRT
GRIT
TRIG",4,503,0.0007391,3
AIJO,JIAO,4,504,0.0007385,1
ABOR,"BOAR
BORA",4,505,0.0007304,2
ABOT,"BOAT
BOTA",4,506,0.0007304,2
ACOR,"ACRO
ARCO
ORCA",4,507,0.0007304,3
ACOT,"COAT
TACO",4,508,0.0007304,2
AFNO,FANO,4,509,0.0007304,1
AFOR,"AFRO
FARO
FORA",4,510,0.0007304,3
AHOR,"HOAR
HORA",4,511,0.0007304,2
AHOT,OATH,4,512,0.0007304,1
AMNO,"MANO
MOAN
NOMA",4,513,0.0007304,3
AMOR,"MORA
ROAM",4,514,0.0007304,2
AMOT,"ATOM
MOAT",4,515,0.0007304,2
ANOV,NOVA,4,516,0.0007304,1
AOPR,"PRAO
PROA",4,517,0.0007304,2
AOPT,ATOP,4,518,0.0007304,1
AORV,ARVO,4,519,0.0007304,1
AOTY,OATY,4,520,0.0007304,1
BIOR,"BIRO
BRIO",4,521,0.0007304,2
BIOT,OBIT,4,522,0.0007304,1
CINO,"CION
COIN
CONI
ICON",4,523,0.0007304,4
CIOR,COIR,4,524,0.0007304,1
CIOT,OTIC,4,525,0.0007304,1
FINO,"FINO
FOIN
INFO",4,526,0.0007304,3
HIOT,THIO,4,527,0.0007304,1
IMOT,OMIT,4,528,0.0007304,1
INOP,PION,4,529,0.0007304,1
INOV,VINO,4,530,0.0007304,1
INOW,WINO,4,531,0.0007304,1
INOY,YONI,4,532,0.0007304,1
IOPT,TOPI,4,533,0.0007304,1
DDEO,EDDO,4,534,0.0007079,1
EOSS,OSES,4,535,0.0007079,1
DEGR,DREG,4,536,0.0006947,1
EGLN,GLEN,4,537,0.0006947,1
EGLT,GELT,4,538,0.0006947,1
EGNS,"ENGS
GENS
NEGS",4,539,0.0006947,3
EGNU,GENU,4,540,0.0006947,1
EGRS,"ERGS
REGS",4,541,0.0006947,2
EGRU,"GRUE
URGE",4,542,0.0006947,2
EGST,"GEST
GETS
TEGS",4,543,0.0006947,3
EGTU,TEGU,4,544,0.0006947,1
BDEO,"BODE
DOBE",4,545,0.0006855,2
BELO,"BOLE
LOBE",4,546,0.0006855,2
BEOS,OBES,4,547,0.0006855,1
CDEO,"CODE
COED
DECO",4,548,0.0006855,3
CELO,COLE,4,549,0.0006855,1
CEOS,ECOS,4,550,0.0006855,1
DEFO,FEOD,4,551,0.0006855,1
DEHO,"HOED
OHED",4,552,0.0006855,2
DEMO,"DEMO
DOME
MODE",4,553,0.0006855,3
DEOP,"DOPE
OPED",4,554,0.0006855,2
DEOV,DOVE,4,555,0.0006855,1
DEOW,OWED,4,556,0.0006855,1
EFLO,FLOE,4,557,0.0006855,1
EFOS,FOES,4,558,0.0006855,1
EHLO,"HELO
HOLE",4,559,0.0006855,2
EHOS,"HOES
HOSE
SHOE",4,560,0.0006855,3
ELMO,MOLE,4,561,0.0006855,1
ELOP,"LOPE
POLE",4,562,0.0006855,2
ELOV,"LEVO
LOVE
VOLE",4,563,0.0006855,3
ELOW,LOWE,4,564,0.0006855,1
EMOS,"EMOS
SOME",4,565,0.0006855,2
EMOU,"MEOU
MOUE",4,566,0.0006855,2
EOPS,"EPOS
OPES
PESO
POSE",4,567,0.0006855,4
EOSV,VOES,4,568,0.0006855,1
EOSW,"OWES
OWSE
WOES",4,569,0.0006855,3
EOSY,OYES,4,570,0.0006855,1
ADGO,"DAGO
GOAD",4,571,0.000685,2
AGLO,"GAOL
GOAL",4,572,0.000685,2
AGOS,"GOAS
SAGO",4,573,0.000685,2
EOOZ,OOZE,4,574,0.0006794,1
EEGH,GHEE,4,575,0.0006763,1
EJNO,JEON,4,576,0.0006743,1
EKNO,KENO,4,577,0.0006743,1
EKOR,KORE,4,578,0.0006743,1
EKOT,"KETO
TOKE",4,579,0.0006743,2
ENOX,"EXON
OXEN",4,580,0.0006743,2
ENOZ,ZONE,4,581,0.0006743,1
EORX,OXER,4,582,0.0006743,1
EORZ,ZERO,4,583,0.0006743,1
GNOT,TONG,4,584,0.0006671,1
GORT,"GROT
TROG",4,585,0.0006671,2
GNOO,GOON,4,586,0.000662,1
AIIX,IXIA,4,587,0.000661,1
ADLN,LAND,4,588,0.00066,1
ADLR,LARD,4,589,0.00066,1
ADNS,"ANDS
DANS
SAND",4,590,0.00066,3
ADRS,"RADS
SARD",4,591,0.00066,2
ADRU,DURA,4,592,0.00066,1
ADST,TADS,4,593,0.00066,1
ADTU,DAUT,4,594,0.00066,1
ALNU,"LUNA
ULAN
ULNA",4,595,0.00066,3
ALRS,LARS,4,596,0.00066,1
ALST,"ALTS
LAST
LATS
SALT
SLAT",4,597,0.00066,5
ALTU,LATU,4,598,0.00066,1
ANSU,ANUS,4,599,0.00066,1
ARSU,"SURA
URSA",4,600,0.00066,2
ASTU,"TAUS
UTAS",4,601,0.00066,2
DILR,DIRL,4,602,0.00066,1
DINS,DINS,4,603,0.00066,1
DIRS,RIDS,4,604,0.00066,1
DIST,DITS,4,605,0.00066,1
DITU,DUIT,4,606,0.00066,1
ILNS,"LINS
NILS",4,607,0.00066,2
ILST,"LIST
LITS
SILT
SLIT
TILS",4,608,0.00066,5
ILTU,LITU,4,609,0.00066,1
INSU,UNIS,4,610,0.00066,1
ISTU,"SUIT
TUIS",4,611,0.00066,2
ANNS,NANS,4,612,0.000658,1
ASTT,"STAT
TATS",4,613,0.000658,2
ATTU,TAUT,4,614,0.000658,1
ILNN,LINN,4,615,0.000658,1
ILTT,TILT,4,616,0.000658,1
INNS,INNS,4,617,0.000658,1
ISTT,TITS,4,618,0.000658,1
AAHR,HAAR,4,619,0.0006488,1
AAMN,MANA,4,620,0.0006488,1
AAMR,"MAAR
MARA",4,621,0.0006488,2
AAPR,PARA,4,622,0.0006488,1
IIPT,TIPI,4,623,0.0006488,1
AACT,ACTA,4,624,0.0006488,1
AAFR,AFAR,4,625,0.0006488,1
AAMT,ATMA,4,626,0.0006488,1
AANP,"NAPA
PAAN",4,627,0.0006488,2
AAPT,"ATAP
TAPA",4,628,0.0006488,2
AARV,VARA,4,629,0.0006488,1
AARY,RAYA,4,630,0.0006488,1
IIMN,MINI,4,631,0.0006488,1
IIMR,MIRI,4,632,0.0006488,1
NRTU,"RUNT
TURN",4,633,0.0006427,2
DELS,"DELS
ELDS
SLED",4,634,0.0006202,3
DELU,"DUEL
LEUD
LUDE",4,635,0.0006202,3
DESU,"DUES
SUED
USED",4,636,0.0006202,3
ELSU,"LUES
SLUE",4,637,0.0006202,2
ACEG,CAGE,4,638,0.0006166,1
AEGM,"GAME
MAGE
MEGA",4,639,0.0006166,3
AEGP,"GAPE
PAGE
PEAG",4,640,0.0006166,3
AEGV,"GAVE
VEGA",4,641,0.0006166,2
AEGW,WAGE,4,642,0.0006166,1
AEGY,YAGE,4,643,0.0006166,1
BEGI,GIBE,4,644,0.0006166,1
EGIV,GIVE,4,645,0.0006166,1
AAGL,"ALGA
GALA",4,646,0.0006075,2
AAGS,"AGAS
SAGA",4,647,0.0006075,2
DEEJ,JEED,4,648,0.0005957,1
DEEK,"DEKE
EKED",4,649,0.0005957,2
DEEX,EXED,4,650,0.0005957,1
DLOR,LORD,4,651,0.0005957,1
DLOT,"DOLT
TOLD",4,652,0.0005957,2
DNOS,"DONS
NODS",4,653,0.0005957,2
DNOU,"UDON
UNDO",4,654,0.0005957,2
DORS,"DORS
RODS
SORD",4,655,0.0005957,3
DORU,"DOUR
DURO",4,656,0.0005957,2
DOST,"DOST
DOTS
TODS",4,657,0.0005957,3
DOTU,DOUT,4,658,0.0005957,1
EEJS,JEES,4,659,0.0005957,1
EEKL,"KEEL
LEEK
LEKE",4,660,0.0005957,3
EEKS,"EKES
SEEK
SKEE",4,661,0.0005957,3
EESX,EXES,4,662,0.0005957,1
EESZ,ZEES,4,663,0.0005957,1
LORU,LOUR,4,664,0.0005957,1
LOST,"LOST
LOTS
SLOT",4,665,0.0005957,3
LOTU,"LOUT
TOLU",4,666,0.0005957,2
NOSU,"NOUS
ONUS",4,667,0.0005957,2
ORSU,"OURS
SOUR",4,668,0.0005957,2
OSTU,"OUST
OUTS",4,669,0.0005957,2
DORR,DORR,4,670,0.0005947,1
LOTT,TOLT,4,671,0.0005947,1
NNOU,NOUN,4,672,0.0005947,1
OSTT,"STOT
TOST
TOTS",4,673,0.0005947,3
OTTU,TOUT,4,674,0.0005947,1
LOOS,"LOOS
SOLO",4,675,0.0005917,2
ABIL,BAIL,4,676,0.0005871,1
ABIS,"BIAS
ISBA",4,677,0.0005871,2
ACDI,"ACID
CADI
CAID",4,678,0.0005871,3
ACIL,LAIC,4,679,0.0005871,1
ACIS,ASCI,4,680,0.0005871,1
ADIM,"AMID
MAID",4,681,0.0005871,2
ADIP,"PADI
PAID",4,682,0.0005871,2
ADIV,"AVID
DIVA",4,683,0.0005871,2
ADIW,WADI,4,684,0.0005871,1
AFIL,"ALIF
FAIL
FILA",4,685,0.0005871,3
AHIL,"HAIL
HILA",4,686,0.0005871,2
AHIS,AHIS,4,687,0.0005871,1
AILM,"LIMA
MAIL",4,688,0.0005871,2
AILP,"LIPA
PAIL
PALI
PIAL",4,689,0.0005871,4
AILV,"VAIL
VIAL",4,690,0.0005871,2
AILW,"WAIL
WALI",4,691,0.0005871,2
AIMS,"AIMS
AMIS
SIMA",4,692,0.0005871,3
AIPS,PIAS,4,693,0.0005871,1
AISV,VISA,4,694,0.0005871,1
AIKN,"AKIN
KAIN
KINA",4,695,0.0005769,3
AIKR,"KRAI
RAKI",4,696,0.0005769,2
AIKT,IKAT,4,697,0.0005769,1
AINZ,NAZI,4,698,0.0005769,1
AIRZ,IZAR,4,699,0.0005769,1
AITX,TAXI,4,700,0.0005769,1
ABNR,"BARN
BRAN",4,701,0.0005723,2
ABRT,BRAT,4,702,0.0005723,1
ACNR,"CARN
NARC",4,703,0.0005723,2
ACNT,CANT,4,704,0.0005723,1
ACRT,CART,4,705,0.0005723,1
AFRT,"FART
FRAT
RAFT",4,706,0.0005723,3
AHNT,"HANT
THAN",4,707,0.0005723,2
AHRT,"HART
RATH
TAHR",4,708,0.0005723,3
AMRT,"MART
TRAM",4,709,0.0005723,2
ANPT,PANT,4,710,0.0005723,1
ANRW,WARN,4,711,0.0005723,1
ANRY,"NARY
YARN",4,712,0.0005723,2
ANTW,WANT,4,713,0.0005723,1
APRT,"PART
PRAT
RAPT
TARP
TRAP",4,714,0.0005723,5
ARTW,WART,4,715,0.0005723,1
ARTY,"ARTY
TRAY",4,716,0.0005723,2
BINR,BRIN,4,717,0.0005723,1
BINT,BINT,4,718,0.0005723,1
BIRT,BRIT,4,719,0.0005723,1
CIRT,CRIT,4,720,0.0005723,1
FINR,FIRN,4,721,0.0005723,1
FIRT,"FRIT
RIFT",4,722,0.0005723,2
HINT,"HINT
THIN",4,723,0.0005723,2
HIRT,THIR,4,724,0.0005723,1
IMNT,MINT,4,725,0.0005723,1
IMRT,TRIM,4,726,0.0005723,1
INPR,PIRN,4,727,0.0005723,1
INPT,PINT,4,728,0.0005723,1
INTW,TWIN,4,729,0.0005723,1
INTY,"TINY
TIYN
TYIN",4,730,0.0005723,3
IPRT,TRIP,4,731,0.0005723,1
IRTW,WRIT,4,732,0.0005723,1
DDER,REDD,4,733,0.000557,1
ELLT,TELL,4,734,0.000557,1
ENSS,NESS,4,735,0.000557,1
ERSS,SERS,4,736,0.000557,1
ESST,"ESTS
SETS",4,737,0.000557,2
ADDO,DADO,4,738,0.0005488,1
ALLO,OLLA,4,739,0.0005488,1
AOSS,OSSA,4,740,0.0005488,1
DDIO,DIDO,4,741,0.0005488,1
ILLO,LILO,4,742,0.0005488,1
EHTT,TETH,4,743,0.0005417,1
ETTY,YETT,4,744,0.0005417,1
ADEJ,JADE,4,745,0.0005391,1
ADEX,AXED,4,746,0.0005391,1
ADEZ,"ADZE
DAZE
ZEDA",4,747,0.0005391,3
AEKL,"KALE
LAKE
LEAK",4,748,0.0005391,3
AEKS,"KAES
KEAS
SAKE",4,749,0.0005391,3
AELX,"AXEL
AXLE",4,750,0.0005391,2
AELZ,"LAZE
ZEAL",4,751,0.0005391,2
AESX,AXES,4,752,0.0005391,1
AEUX,EAUX,4,753,0.0005391,1
DEIK,DIKE,4,754,0.0005391,1
EIKL,LIKE,4,755,0.0005391,1
EIKS,SIKE,4,756,0.0005391,1
EILX,ILEX,4,757,0.0005391,1
EISZ,SIZE,4,758,0.0005391,1
ADGN,DANG,4,759,0.0005371,1
ADGR,"DRAG
GRAD",4,760,0.0005371,2
AGLN,LANG,4,761,0.0005371,1
AGNS,"NAGS
SANG
SNAG",4,762,0.0005371,3
AGNU,"GAUN
GUAN",4,763,0.0005371,2
AGRS,"GARS
RAGS",4,764,0.0005371,2
AGRU,"GAUR
GUAR
RUGA",4,765,0.0005371,3
AGST,"GAST
GATS
STAG
TAGS",4,766,0.0005371,4
DGIN,DING,4,767,0.0005371,1
DGIR,"GIRD
GRID",4,768,0.0005371,2
GILN,LING,4,769,0.0005371,1
GILR,GIRL,4,770,0.0005371,1
GILT,GILT,4,771,0.0005371,1
GINS,"GINS
SIGN
SING",4,772,0.0005371,3
GIRS,RIGS,4,773,0.0005371,1
GIST,"GIST
GITS",4,774,0.0005371,2
BDEN,BEND,4,775,0.0005366,1
BDER,BRED,4,776,0.0005366,1
BDET,DEBT,4,777,0.0005366,1
BELT,"BELT
BLET",4,778,0.0005366,2
BENS,"BENS
NEBS",4,779,0.0005366,2
BENU,UNBE,4,780,0.0005366,1
BERS,REBS,4,781,0.0005366,1
BERU,RUBE,4,782,0.0005366,1
BEST,"BEST
BETS",4,783,0.0005366,2
BETU,"BUTE
TUBE",4,784,0.0005366,2
CDER,CRED,4,785,0.0005366,1
CELT,CELT,4,786,0.0005366,1
CERS,RECS,4,787,0.0005366,1
CERU,"CURE
ECRU",4,788,0.0005366,2
CEST,"SECT
TECS",4,789,0.0005366,2
CETU,CUTE,4,790,0.0005366,1
DEFN,FEND,4,791,0.0005366,1
DEFT,DEFT,4,792,0.0005366,1
DEHR,HERD,4,793,0.0005366,1
DEMN,MEND,4,794,0.0005366,1
DEMR,DERM,4,795,0.0005366,1
DENP,PEND,4,796,0.0005366,1
DENV,VEND,4,797,0.0005366,1
DENW,WEND,4,798,0.0005366,1
DENY,"DENY
DYNE",4,799,0.0005366,2
DERW,DREW,4,800,0.0005366,1
DERY,DYER,4,801,0.0005366,1
EFLT,"FELT
LEFT",4,802,0.0005366,2
EFNS,FENS,4,803,0.0005366,1
EFNU,ENUF,4,804,0.0005366,1
EFRS,"REFS
SERF",4,805,0.0005366,2
EFST,"EFTS
FEST
FETS",4,806,0.0005366,3
EHLR,"HERL
LEHR",4,807,0.0005366,2
EHNS,"HENS
SHEN",4,808,0.0005366,2
EHRS,"HERS
RESH",4,809,0.0005366,2
EHST,"ETHS
HEST
HETS",4,810,0.0005366,3
ELMR,MERL,4,811,0.0005366,1
ELMT,MELT,4,812,0.0005366,1
ELPT,"LEPT
PELT",4,813,0.0005366,2
ELRY,"LYRE
RELY",4,814,0.0005366,2
ELTW,WELT,4,815,0.0005366,1
EMNU,"MENU
NEUM",4,816,0.0005366,2
EMRS,REMS,4,817,0.0005366,1
EMRU,MURE,4,818,0.0005366,1
EMST,STEM,4,819,0.0005366,1
EMTU,MUTE,4,820,0.0005366,1
ENPS,PENS,4,821,0.0005366,1
ENSW,"NEWS
SEWN
WENS",4,822,0.0005366,3
ENSY,"SNYE
SYNE
YENS",4,823,0.0005366,3
EPRS,REPS,4,824,0.0005366,1
EPRU,PURE,4,825,0.0005366,1
EPST,"PEST
PETS
SEPT
STEP",4,826,0.0005366,4
ERSV,REVS,4,827,0.0005366,1
ERSY,RYES,4,828,0.0005366,1
ERUV,ERUV,4,829,0.0005366,1
ESTV,"VEST
VETS",4,830,0.0005366,2
ESTW,"STEW
TEWS
WEST
WETS",4,831,0.0005366,4
ESTY,"STEY
STYE
TYES",4,832,0.0005366,3
ABLO,BOLA,4,833,0.0005294,1
ABOS,"ABOS
BOAS
OBAS
SOBA",4,834,0.0005294,4
ACDO,CODA,4,835,0.0005294,1
ACLO,"CALO
COAL
COLA
LOCA",4,836,0.0005294,4
ACOS,"OCAS
SOCA",4,837,0.0005294,2
ADFO,FADO,4,838,0.0005294,1
ADHO,ODAH,4,839,0.0005294,1
ADOP,"APOD
DOPA",4,840,0.0005294,2
ADOW,WOAD,4,841,0.0005294,1
AFLO,"FOAL
LOAF",4,842,0.0005294,2
AFOS,"OAFS
SOFA",4,843,0.0005294,2
AHLO,HALO,4,844,0.0005294,1
ALMO,"LOAM
MOLA",4,845,0.0005294,2
ALOP,OPAL,4,846,0.0005294,1
ALOV,OVAL,4,847,0.0005294,1
ALOW,"ALOW
AWOL",4,848,0.0005294,2
AMOS,"MOAS
OMAS
SOMA",4,849,0.0005294,3
AOPS,"APOS
OPAS
SOAP",4,850,0.0005294,3
AOSV,AVOS,4,851,0.0005294,1
AOSY,SOYA,4,852,0.0005294,1
BILO,BOIL,4,853,0.0005294,1
BIOS,"BIOS
OBIS",4,854,0.0005294,2
CDIO,ODIC,4,855,0.0005294,1
CILO,"COIL
LOCI",4,856,0.0005294,2
DFIO,FIDO,4,857,0.0005294,1
DIMO,MODI,4,858,0.0005294,1
DIOV,VOID,4,859,0.0005294,1
FILO,"FILO
FOIL",4,860,0.0005294,2
ILMO,"LIMO
MILO
MOIL",4,861,0.0005294,3
ILOP,LIPO,4,862,0.0005294,1
ILOV,VIOL,4,863,0.0005294,1
ILOY,OILY,4,864,0.0005294,1
IMOS,MISO,4,865,0.0005294,1
IOPS,"PISO
POIS",4,866,0.0005294,2
EKNR,KERN,4,867,0.0005264,1
EKNT,KENT,4,868,0.0005264,1
EKRT,TREK,4,869,0.0005264,1
ENTX,NEXT,4,870,0.0005264,1
BEEF,"BEEF
FEEB",4,871,0.0005223,2
BEEH,HEBE,4,872,0.0005223,1
BEEP,BEEP,4,873,0.0005223,1
CEEH,ECHE,4,874,0.0005223,1
CEEP,CEPE,4,875,0.0005223,1
EEFM,FEME,4,876,0.0005223,1
EEHM,HEME,4,877,0.0005223,1
EEHW,WHEE,4,878,0.0005223,1
EEPV,VEEP,4,879,0.0005223,1
EEPW,WEEP,4,880,0.0005223,1
AJOT,"JATO
JOTA",4,881,0.0005197,2
AKNO,"KAON
KOAN",4,882,0.0005197,2
AKOR,"KORA
OKRA",4,883,0.0005197,2
ANOX,AXON,4,884,0.0005197,1
ANOZ,"AZON
ZONA",4,885,0.0005197,2
IJNO,JOIN,4,886,0.0005197,1
IKNO,"IKON
KINO
OINK",4,887,0.0005197,3
IORZ,ZORI,4,888,0.0005197,1
BNOO,BOON,4,889,0.0005162,1
BNOR,BORN,4,890,0.0005162,1
BOOR,"BOOR
BROO",4,891,0.0005162,2
BOOT,BOOT,4,892,0.0005162,1
BORT,BORT,4,893,0.0005162,1
CNOO,COON,4,894,0.0005162,1
CNOR,CORN,4,895,0.0005162,1
COOT,"COOT
TOCO",4,896,0.0005162,2
CORT,TORC,4,897,0.0005162,1
FNOT,FONT,4,898,0.0005162,1
FOOR,ROOF,4,899,0.0005162,1
FOOT,FOOT,4,900,0.0005162,1
FORT,FORT,4,901,0.0005162,1
HNOR,HORN,4,902,0.0005162,1
HOOT,HOOT,4,903,0.0005162,1
HORT,THRO,4,904,0.0005162,1
MNOO,"MONO
MOON",4,905,0.0005162,2
MNOR,"MORN
NORM",4,906,0.0005162,2
MOOR,"MOOR
ROOM",4,907,0.0005162,2
MOOT,"MOOT
TOOM",4,908,0.0005162,2
MORT,MORT,4,909,0.0005162,1
NOOP,POON,4,910,0.0005162,1
NOPR,PORN,4,911,0.0005162,1
NORW,WORN,4,912,0.0005162,1
NOTW,"NOWT
TOWN
WONT",4,913,0.0005162,3
NOTY,TONY,4,914,0.0005162,1
OOPR,POOR,4,915,0.0005162,1
OOPT,TOPO,4,916,0.0005162,1
OOTY,TOYO,4,917,0.0005162,1
OPRT,"PORT
TROP",4,918,0.0005162,2
ORTW,"TROW
WORT",4,919,0.0005162,2
ORTY,"RYOT
TORY
TROY
TYRO",4,920,0.0005162,4
DEGL,"GELD
GLED",4,921,0.0005039,2
DEGS,GEDS,4,922,0.0005039,1
DEGU,GUDE,4,923,0.0005039,1
EGLS,"GELS
LEGS",4,924,0.0005039,2
EGLU,"GLUE
LUGE",4,925,0.0005039,2
DEOZ,DOZE,4,926,0.0004856,1
EJLO,JOLE,4,927,0.0004856,1
EJOS,JOES,4,928,0.0004856,1
EKLO,KOEL,4,929,0.0004856,1
EKOS,"OKES
SOKE",4,930,0.0004856,2
EOSX,OXES,4,931,0.0004856,1
AEGG,GAGE,4,932,0.0004851,1
DGNO,DONG,4,933,0.0004845,1
GLNO,LONG,4,934,0.0004845,1
GNOS,"NOGS
SNOG
SONG",4,935,0.0004845,3
GORS,ORGS,4,936,0.0004845,1
GOST,TOGS,4,937,0.0004845,1
GOTU,GOUT,4,938,0.0004845,1
AADD,DADA,4,939,0.0004835,1
DGOO,GOOD,4,940,0.0004835,1
GLOO,LOGO,4,941,0.0004835,1
GOOS,GOOS,4,942,0.0004835,1
EEGK,GEEK,4,943,0.000482,1
EEGZ,GEEZ,4,944,0.000482,1
ADLS,"DALS
LADS",4,945,0.0004794,2
ADLU,"AULD
DUAL
LAUD",4,946,0.0004794,3
ALSU,SAUL,4,947,0.0004794,1
DILS,"LIDS
SILD
SLID",4,948,0.0004794,3
AGIM,MAGI,4,949,0.0004759,1
AGIV,"VAGI
VIGA",4,950,0.0004759,2
AGIY,YAGI,4,951,0.0004759,1
ABEM,"BEAM
BEMA
MABE",4,952,0.0004733,3
ABEY,ABYE,4,953,0.0004733,1
ACEF,"CAFE
FACE",4,954,0.0004733,2
ACEH,"ACHE
EACH",4,955,0.0004733,2
ACEM,"ACME
CAME
MACE",4,956,0.0004733,3
ACEP,"CAPE
PACE",4,957,0.0004733,2
ACEV,CAVE,4,958,0.0004733,1
AEFM,FAME,4,959,0.0004733,1
AEFV,FAVE,4,960,0.0004733,1
AEHM,"AHEM
HAEM
HAME",4,961,0.0004733,3
AEHP,"EPHA
HEAP",4,962,0.0004733,2
AEHV,HAVE,4,963,0.0004733,1
AEHY,YEAH,4,964,0.0004733,1
AEMW,WAME,4,965,0.0004733,1
AEPV,"PAVE
VAPE",4,966,0.0004733,2
AEVW,WAVE,4,967,0.0004733,1
BCEI,BICE,4,968,0.0004733,1
BEIV,VIBE,4,969,0.0004733,1
CEFI,FICE,4,970,0.0004733,1
CEIM,"EMIC
MICE",4,971,0.0004733,2
CEIP,"EPIC
PICE",4,972,0.0004733,2
CEIV,VICE,4,973,0.0004733,1
EFIV,FIVE,4,974,0.0004733,1
EFIW,WIFE,4,975,0.0004733,1
EHIV,HIVE,4,976,0.0004733,1
EIPW,WIPE,4,977,0.0004733,1
EIPY,YIPE,4,978,0.0004733,1
EIVW,"VIEW
WIVE",4,979,0.0004733,2
AABL,"ALBA
BAAL",4,980,0.0004723,2
AABS,"ABAS
BAAS",4,981,0.0004723,2
AACS,CASA,4,982,0.0004723,1
AAFL,ALFA,4,983,0.0004723,1
AAHS,AAHS,4,984,0.0004723,1
AALM,"ALMA
LAMA",4,985,0.0004723,2
AALV,LAVA,4,986,0.0004723,1
AAMS,"AMAS
MASA",4,987,0.0004723,2
AAPU,PAUA,4,988,0.0004723,1
AASV,VASA,4,989,0.0004723,1
BDII,BIDI,4,990,0.0004723,1
BIIS,IBIS,4,991,0.0004723,1
DIIM,"IMID
MIDI",4,992,0.0004723,2
HIIL,HILI,4,993,0.0004723,1
IILP,PILI,4,994,0.0004723,1
IISW,IWIS,4,995,0.0004723,1
RRTU,TURR,4,996,0.0004682,1
DNRU,"DURN
NURD",4,997,0.0004672,2
DNTU,DUNT,4,998,0.0004672,1
DRTU,TURD,4,999,0.0004672,1
LNRU,NURL,4,1000,0.0004672,1
LNTU,LUNT,4,1001,0.0004672,1
NRSU,"RUNS
URNS",4,1002,0.0004672,2
NSTU,"NUTS
STUN
TUNS",4,1003,0.0004672,3
RSTU,"RUST
RUTS",4,1004,0.0004672,2
AAJR,"AJAR
RAJA",4,1005,0.0004667,2
AAKN,KANA,4,1006,0.0004667,1
AAKR,ARAK,4,1007,0.0004667,1
AAKT,"KATA
TAKA",4,1008,0.0004667,2
AANZ,AZAN,4,1009,0.0004667,1
AATX,TAXA,4,1010,0.0004667,1
IIKT,TIKI,4,1011,0.0004667,1
IITZ,ZITI,4,1012,0.0004667,1
AEGZ,GAZE,4,1013,0.0004346,1
BEGR,BERG,4,1014,0.0004346,1
EGMR,GERM,4,1015,0.0004346,1
EGRW,GREW,4,1016,0.0004346,1
EGRY,"GREY
GYRE",4,1017,0.0004346,2
DLOS,"DOLS
OLDS
SOLD",4,1018,0.0004325,3
DLOU,"LOUD
LUDO",4,1019,0.0004325,2
DOSU,"DUOS
OUDS
UDOS",4,1020,0.0004325,3
LOSU,SOUL,4,1021,0.0004325,1
ALLT,TALL,4,1022,0.0004315,1
ANSS,SANS,4,1023,0.0004315,1
ANUU,UNAU,4,1024,0.0004315,1
ASST,TASS,4,1025,0.0004315,1
ILLN,NILL,4,1026,0.0004315,1
ILLR,RILL,4,1027,0.0004315,1
ILLT,"LILT
TILL",4,1028,0.0004315,2
INSS,SINS,4,1029,0.0004315,1
IRSS,"SIRS
SRIS",4,1030,0.0004315,2
ISST,SITS,4,1031,0.0004315,1
AGMO,OGAM,4,1032,0.0004289,1
AGOY,YOGA,4,1033,0.0004289,1
BGIO,BIOG,4,1034,0.0004289,1
GIOY,YOGI,4,1035,0.0004289,1
BEOY,OBEY,4,1036,0.0004264,1
CEHO,"ECHO
OCHE",4,1037,0.0004264,2
CEMO,COME,4,1038,0.0004264,1
CEOP,COPE,4,1039,0.0004264,1
CEOV,COVE,4,1040,0.0004264,1
EHMO,HOME,4,1041,0.0004264,1
EHOP,HOPE,4,1042,0.0004264,1
EHOV,HOVE,4,1043,0.0004264,1
EHOW,HOWE,4,1044,0.0004264,1
EMOP,"MOPE
POEM
POME",4,1045,0.0004264,3
EMOV,MOVE,4,1046,0.0004264,1
EMOW,MEOW,4,1047,0.0004264,1
EOVW,WOVE,4,1048,0.0004264,1
EOWY,"YEOW
YOWE",4,1049,0.0004264,2
ABTT,BATT,4,1050,0.0004193,1
ACRR,CARR,4,1051,0.0004193,1
ACTT,TACT,4,1052,0.0004193,1
AHTT,THAT,4,1053,0.0004193,1
AMTT,MATT,4,1054,0.0004193,1
APRR,PARR,4,1055,0.0004193,1
ATTW,"TWAT
WATT",4,1056,0.0004193,2
BIRR,BIRR,4,1057,0.0004193,1
BITT,BITT,4,1058,0.0004193,1
IMTT,MITT,4,1059,0.0004193,1
IRRY,YIRR,4,1060,0.0004193,1
ITTW,TWIT,4,1061,0.0004193,1
ADIK,KADI,4,1062,0.0004152,1
ADIQ,"QADI
QAID",4,1063,0.0004152,2
AIJL,JAIL,4,1064,0.0004152,1
AIJS,AJIS,4,1065,0.0004152,1
AIKL,"ILKA
KAIL",4,1066,0.0004152,2
AIKS,"SAKI
SIKA",4,1067,0.0004152,2
AILX,AXIL,4,1068,0.0004152,1
AIQU,QUAI,4,1069,0.0004152,1
AISX,AXIS,4,1070,0.0004152,1
ABDN,BAND,4,1071,0.0004142,1
ABDR,"BARD
BRAD
DARB
DRAB",4,1072,0.0004142,4
ABLT,BLAT,4,1073,0.0004142,1
ABNS,"BANS
NABS",4,1074,0.0004142,2
ABNU,BUNA,4,1075,0.0004142,1
ABRS,"ARBS
BARS
BRAS",4,1076,0.0004142,3
ABRU,BURA,4,1077,0.0004142,1
ABST,"BAST
BATS
STAB
TABS",4,1078,0.0004142,4
ABTU,"ABUT
TABU
TUBA",4,1079,0.0004142,3
ACDR,CARD,4,1080,0.0004142,1
ACLN,CLAN,4,1081,0.0004142,1
ACLR,CARL,4,1082,0.0004142,1
ACLT,TALC,4,1083,0.0004142,1
ACNS,"CANS
SCAN",4,1084,0.0004142,2
ACRS,"ARCS
CARS
SCAR",4,1085,0.0004142,3
ACST,"ACTS
CAST
CATS
SCAT",4,1086,0.0004142,4
ADFR,FARD,4,1087,0.0004142,1
ADFT,DAFT,4,1088,0.0004142,1
ADHN,HAND,4,1089,0.0004142,1
ADHR,HARD,4,1090,0.0004142,1
ADMN,DAMN,4,1091,0.0004142,1
ADMR,DRAM,4,1092,0.0004142,1
ADNW,"DAWN
WAND",4,1093,0.0004142,2
ADPR,PARD,4,1094,0.0004142,1
ADRW,"DRAW
WARD",4,1095,0.0004142,2
ADRY,"DRAY
YARD",4,1096,0.0004142,2
ADTW,DAWT,4,1097,0.0004142,1
AFLN,FLAN,4,1098,0.0004142,1
AFLR,FARL,4,1099,0.0004142,1
AFLT,FLAT,4,1100,0.0004142,1
AFNS,FANS,4,1101,0.0004142,1
AFNU,FAUN,4,1102,0.0004142,1
AFRS,ARFS,4,1103,0.0004142,1
AFST,"FAST
FATS",4,1104,0.0004142,2
AFTU,TUFA,4,1105,0.0004142,1
AHLR,HARL,4,1106,0.0004142,1
AHLT,"HALT
LATH",4,1107,0.0004142,2
AHRS,RASH,4,1108,0.0004142,1
AHST,"HAST
HATS
SHAT",4,1109,0.0004142,3
AHTU,HAUT,4,1110,0.0004142,1
ALMR,MARL,4,1111,0.0004142,1
ALMT,MALT,4,1112,0.0004142,1
ALNP,PLAN,4,1113,0.0004142,1
ALNW,LAWN,4,1114,0.0004142,1
ALPT,PLAT,4,1115,0.0004142,1
ALRY,ARYL,4,1116,0.0004142,1
AMNS,MANS,4,1117,0.0004142,1
AMNU,MAUN,4,1118,0.0004142,1
AMRS,"ARMS
MARS
RAMS",4,1119,0.0004142,3
AMRU,"ARUM
MURA",4,1120,0.0004142,2
AMST,"MAST
MATS
TAMS",4,1121,0.0004142,3
AMTU,MAUT,4,1122,0.0004142,1
ANPS,"NAPS
PANS
SNAP
SPAN",4,1123,0.0004142,4
ANPU,PUNA,4,1124,0.0004142,1
ANSV,"NAVS
VANS",4,1125,0.0004142,2
ANSW,"AWNS
SAWN
SNAW
SWAN
WANS",4,1126,0.0004142,5
ANSY,NAYS,4,1127,0.0004142,1
ANUY,YUAN,4,1128,0.0004142,1
APRS,"PARS
RAPS
RASP
SPAR",4,1129,0.0004142,4
APRU,PRAU,4,1130,0.0004142,1
APST,"PAST
PATS
SPAT
TAPS",4,1131,0.0004142,4
ARSV,VARS,4,1132,0.0004142,1
ARSW,"RAWS
WARS",4,1133,0.0004142,2
ARSY,"RAYS
RYAS",4,1134,0.0004142,2
ARUW,WAUR,4,1135,0.0004142,1
ASTV,"TAVS
VAST
VATS",4,1136,0.0004142,3
ASTW,"STAW
SWAT
TAWS
TWAS
WAST
WATS",4,1137,0.0004142,6
ASTY,STAY,4,1138,0.0004142,1
ATUV,VATU,4,1139,0.0004142,1
BDIN,BIND,4,1140,0.0004142,1
BDIR,"BIRD
DRIB",4,1141,0.0004142,2
BILN,BLIN,4,1142,0.0004142,1
BILR,BIRL,4,1143,0.0004142,1
BINS,"BINS
NIBS
SNIB",4,1144,0.0004142,3
BIRS,"BRIS
RIBS",4,1145,0.0004142,2
BIST,BITS,4,1146,0.0004142,1
CILT,CLIT,4,1147,0.0004142,1
CINU,UNCI,4,1148,0.0004142,1
CIRS,CRIS,4,1149,0.0004142,1
CIRU,URIC,4,1150,0.0004142,1
CIST,"CIST
TICS",4,1151,0.0004142,2
DFIN,FIND,4,1152,0.0004142,1
DHIN,HIND,4,1153,0.0004142,1
DIMN,MIND,4,1154,0.0004142,1
DINW,WIND,4,1155,0.0004142,1
DIPR,DRIP,4,1156,0.0004142,1
DIPT,DIPT,4,1157,0.0004142,1
DIRY,YIRD,4,1158,0.0004142,1
DITY,TIDY,4,1159,0.0004142,1
FILR,FLIR,4,1160,0.0004142,1
FILT,"FLIT
LIFT",4,1161,0.0004142,2
FINS,FINS,4,1162,0.0004142,1
FIRS,"FIRS
RIFS",4,1163,0.0004142,2
FIST,"FIST
FITS
SIFT",4,1164,0.0004142,3
HILT,HILT,4,1165,0.0004142,1
HINS,"HINS
HISN
SHIN
SINH",4,1166,0.0004142,4
HIRS,SHRI,4,1167,0.0004142,1
HIST,"HIST
HITS
SHIT
SITH
THIS",4,1168,0.0004142,5
ILMN,LIMN,4,1169,0.0004142,1
ILMT,MILT,4,1170,0.0004142,1
ILNY,"INLY
LINY",4,1171,0.0004142,2
ILRV,VIRL,4,1172,0.0004142,1
ILTW,WILT,4,1173,0.0004142,1
IMNS,NIMS,4,1174,0.0004142,1
IMNU,MUNI,4,1175,0.0004142,1
IMRS,"MIRS
RIMS",4,1176,0.0004142,2
IMST,"MIST
SMIT",4,1177,0.0004142,2
INPS,"NIPS
PINS
SNIP
SPIN",4,1178,0.0004142,4
INSV,VINS,4,1179,0.0004142,1
INSW,WINS,4,1180,0.0004142,1
INSY,YINS,4,1181,0.0004142,1
IPRS,RIPS,4,1182,0.0004142,1
IPRU,PURI,4,1183,0.0004142,1
IPST,"PITS
SPIT
TIPS",4,1184,0.0004142,3
IPTU,PTUI,4,1185,0.0004142,1
ISTW,"WIST
WITS",4,1186,0.0004142,2
DDEU,DUDE,4,1187,0.000406,1
DELL,DELL,4,1188,0.000406,1
ELLS,"ELLS
SELL",4,1189,0.000406,2
ELSS,"LESS
SELS",4,1190,0.000406,2
ESSU,"SUES
USES",4,1191,0.000406,2
AKNR,"KARN
KNAR
NARK
RANK",4,1192,0.0004055,4
AKNT,TANK,4,1193,0.0004055,1
AKRT,KART,4,1194,0.0004055,1
ARTZ,TZAR,4,1195,0.0004055,1
IKNR,"KIRN
RINK",4,1196,0.0004055,2
IKNT,KNIT,4,1197,0.0004055,1
IRTZ,RITZ,4,1198,0.0004055,1
LLOR,ROLL,4,1199,0.0003897,1
LLOT,TOLL,4,1200,0.0003897,1
NOSS,SONS,4,1201,0.0003897,1
OSST,"SOTS
TOSS",4,1202,0.0003897,2
ADGL,GLAD,4,1203,0.0003892,1
ADGS,"DAGS
GADS",4,1204,0.0003892,2
ADGU,GAUD,4,1205,0.0003892,1
AGLS,"GALS
LAGS
SLAG",4,1206,0.0003892,3
AGLU,AGLU,4,1207,0.0003892,1
DGIL,GILD,4,1208,0.0003892,1
DGIS,"DIGS
GIDS",4,1209,0.0003892,2
DGIU,GUID,4,1210,0.0003892,1
GILU,IGLU,4,1211,0.0003892,1
ETTX,TEXT,4,1212,0.0003887,1
BDEL,BLED,4,1213,0.0003876,1
BDES,"BEDS
DEBS",4,1214,0.0003876,2
BDEU,BEDU,4,1215,0.0003876,1
BELS,BELS,4,1216,0.0003876,1
BELU,"BLUE
LUBE",4,1217,0.0003876,2
CDEU,"CUED
DUCE",4,1218,0.0003876,2
CELS,CELS,4,1219,0.0003876,1
CELU,"CLUE
LUCE",4,1220,0.0003876,2
CESU,"CUES
ECUS",4,1221,0.0003876,2
DEFL,"DELF
FLED",4,1222,0.0003876,2
DEFS,FEDS,4,1223,0.0003876,1
DEFU,FEUD,4,1224,0.0003876,1
DEHL,HELD,4,1225,0.0003876,1
DEHS,"EDHS
SHED",4,1226,0.0003876,2
DEHU,HUED,4,1227,0.0003876,1
DELM,MELD,4,1228,0.0003876,1
DELP,PLED,4,1229,0.0003876,1
DELV,VELD,4,1230,0.0003876,1
DELW,"LEWD
WELD",4,1231,0.0003876,2
DELY,YELD,4,1232,0.0003876,1
DEMS,MEDS,4,1233,0.0003876,1
DEPS,"DEPS
PEDS
SPED",4,1234,0.0003876,3
DEPU,DUPE,4,1235,0.0003876,1
DESV,DEVS,4,1236,0.0003876,1
DESW,"DEWS
WEDS",4,1237,0.0003876,2
DESY,"DEYS
DYES",4,1238,0.0003876,2
EFLS,SELF,4,1239,0.0003876,1
EFLU,"FLUE
FUEL",4,1240,0.0003876,2
EFSU,"FEUS
FUSE",4,1241,0.0003876,2
EHSU,HUES,4,1242,0.0003876,1
ELMS,"ELMS
MELS",4,1243,0.0003876,2
ELMU,MULE,4,1244,0.0003876,1
ELPU,PULE,4,1245,0.0003876,1
ELSV,LEVS,4,1246,0.0003876,1
ELSW,SLEW,4,1247,0.0003876,1
ELSY,"LEYS
LYES
LYSE",4,1248,0.0003876,3
ELUY,YULE,4,1249,0.0003876,1
EMSU,"EMUS
MUSE",4,1250,0.0003876,2
EPSU,"SPUE
SUPE",4,1251,0.0003876,2
DDOO,DODO,4,1252,0.0003856,1
AAGH,AGHA,4,1253,0.0003841,1
AAGM,"AGMA
GAMA",4,1254,0.0003841,2
GNRU,RUNG,4,1255,0.0003795,1
GNTU,TUNG,4,1256,0.0003795,1
GRTU,TRUG,4,1257,0.0003795,1
BOTT,BOTT,4,1258,0.0003785,1
CNNO,CONN,4,1259,0.0003785,1
DEKR,DREK,4,1260,0.0003785,1
EJST,"JEST
JETS",4,1261,0.0003785,2
EJTU,JUTE,4,1262,0.0003785,1
EKLT,KELT,4,1263,0.0003785,1
EKNS,KENS,4,1264,0.0003785,1
EKNU,"KUNE
NEUK
NUKE",4,1265,0.0003785,3
ESTX,SEXT,4,1266,0.0003785,1
ESTZ,ZEST,4,1267,0.0003785,1
FOTT,TOFT,4,1268,0.0003785,1
MOTT,MOTT,4,1269,0.0003785,1
BDOO,DOOB,4,1270,0.0003754,1
BLOO,"BOLO
LOBO
OBOL",4,1271,0.0003754,3
BOOS,BOOS,4,1272,0.0003754,1
CLOO,"COOL
LOCO",4,1273,0.0003754,2
COOS,COOS,4,1274,0.0003754,1
DFOO,FOOD,4,1275,0.0003754,1
DHOO,HOOD,4,1276,0.0003754,1
DMOO,"DOOM
MOOD",4,1277,0.0003754,2
DOOP,POOD,4,1278,0.0003754,1
DOOW,WOOD,4,1279,0.0003754,1
FLOO,"FOOL
LOOF",4,1280,0.0003754,2
FOOS,FOOS,4,1281,0.0003754,1
HLOO,HOLO,4,1282,0.0003754,1
HOOS,"OOHS
SHOO",4,1283,0.0003754,2
LMOO,"LOOM
MOOL",4,1284,0.0003754,2
LOOP,"LOOP
POLO
POOL",4,1285,0.0003754,3
LOOW,WOOL,4,1286,0.0003754,1
MOOS,MOOS,4,1287,0.0003754,1
OOPS,"OOPS
POOS",4,1288,0.0003754,2
OOSW,WOOS,4,1289,0.0003754,1
AGGI,GIGA,4,1290,0.0003749,1
AJOS,SOJA,4,1291,0.0003739,1
AKLO,KOLA,4,1292,0.0003739,1
AKOS,"KOAS
OAKS
OKAS
SOAK",4,1293,0.0003739,4
DIOX,OXID,4,1294,0.0003739,1
IKLO,KILO,4,1295,0.0003739,1
IKOS,"KOIS
OIKS",4,1296,0.0003739,2
BDNO,BOND,4,1297,0.0003734,1
BLOT,"BLOT
BOLT",4,1298,0.0003734,2
BNOS,"NOBS
SNOB",4,1299,0.0003734,2
BORS,"BROS
ORBS
ROBS
SORB",4,1300,0.0003734,4
BOST,"BOTS
STOB",4,1301,0.0003734,2
BOTU,BOUT,4,1302,0.0003734,1
CDOR,CORD,4,1303,0.0003734,1
CLNO,CLON,4,1304,0.0003734,1
CLOT,"CLOT
COLT",4,1305,0.0003734,2
CNOS,CONS,4,1306,0.0003734,1
CNOU,UNCO,4,1307,0.0003734,1
CORS,"CORS
ORCS
ROCS",4,1308,0.0003734,3
COST,"COST
COTS
SCOT",4,1309,0.0003734,3
DFNO,FOND,4,1310,0.0003734,1
DFOR,FORD,4,1311,0.0003734,1
DHOT,DOTH,4,1312,0.0003734,1
DMOR,DORM,4,1313,0.0003734,1
DNOP,POND,4,1314,0.0003734,1
DNOW,DOWN,4,1315,0.0003734,1
DNOY,YOND,4,1316,0.0003734,1
DOPR,"DORP
DROP
PROD",4,1317,0.0003734,3
DORW,WORD,4,1318,0.0003734,1
DORY,DORY,4,1319,0.0003734,1
DOTY,"DOTY
TODY",4,1320,0.0003734,2
FLOR,ROLF,4,1321,0.0003734,1
FLOT,LOFT,4,1322,0.0003734,1
FNOS,FONS,4,1323,0.0003734,1
FORU,FOUR,4,1324,0.0003734,1
FOST,SOFT,4,1325,0.0003734,1
FOTU,TOFU,4,1326,0.0003734,1
HLOT,"HOLT
LOTH",4,1327,0.0003734,2
HNOS,"HONS
NOSH",4,1328,0.0003734,2
HORS,RHOS,4,1329,0.0003734,1
HORU,HOUR,4,1330,0.0003734,1
HOST,"HOST
HOTS
SHOT
SOTH
TOSH",4,1331,0.0003734,5
HOTU,THOU,4,1332,0.0003734,1
LMOT,MOLT,4,1333,0.0003734,1
LNOW,LOWN,4,1334,0.0003734,1
LNOY,ONLY,4,1335,0.0003734,1
LOPT,PLOT,4,1336,0.0003734,1
LORY,LORY,4,1337,0.0003734,1
LOTV,VOLT,4,1338,0.0003734,1
MNOS,"MONS
NOMS",4,1339,0.0003734,2
MNOU,MUON,4,1340,0.0003734,1
MORS,"MORS
ROMS",4,1341,0.0003734,2
MOST,"MOST
MOTS
TOMS",4,1342,0.0003734,3
NOPS,PONS,4,1343,0.0003734,1
NOPU,UPON,4,1344,0.0003734,1
NOSW,"NOWS
OWNS
SNOW
SOWN
WONS",4,1345,0.0003734,5
NOSY,NOSY,4,1346,0.0003734,1
OPRS,PROS,4,1347,0.0003734,1
OPRU,"POUR
ROUP",4,1348,0.0003734,2
OPST,"OPTS
POST
POTS
SPOT
STOP
TOPS",4,1349,0.0003734,6
OPTU,POUT,4,1350,0.0003734,1
ORSW,ROWS,4,1351,0.0003734,1
ORSY,ROSY,4,1352,0.0003734,1
ORUY,YOUR,4,1353,0.0003734,1
OSTW,"OWTS
STOW
SWOT
TOWS
TWOS
WOST
WOTS",4,1354,0.0003734,7
OSTY,TOYS,4,1355,0.0003734,1
KNOO,NOOK,4,1356,0.0003703,1
KOOR,ROOK,4,1357,0.0003703,1
KOOT,"KOTO
TOOK",4,1358,0.0003703,2
NOOZ,ZOON,4,1359,0.0003703,1
OORZ,ORZO,4,1360,0.0003703,1
CEEX,EXEC,4,1361,0.0003683,1
EEFJ,JEFE,4,1362,0.0003683,1
EEFK,KEEF,4,1363,0.0003683,1
EEJP,JEEP,4,1364,0.0003683,1
EEKM,MEEK,4,1365,0.0003683,1
EEKP,"KEEP
PEEK
PEKE",4,1366,0.0003683,3
EEKW,WEEK,4,1367,0.0003683,1
EEMZ,MEZE,4,1368,0.0003683,1
KNOT,KNOT,4,1369,0.0003652,1
ABIM,"BIMA
IAMB",4,1370,0.0003647,2
ACHI,"CHAI
CHIA",4,1371,0.0003647,2
ACIM,"CAMI
MICA",4,1372,0.0003647,2
ACIP,PICA,4,1373,0.0003647,1
AFIW,WAIF,4,1374,0.0003647,1
AHIY,HIYA,4,1375,0.0003647,1
AIMP,PIMA,4,1376,0.0003647,1
DGLO,GOLD,4,1377,0.0003509,1
DGOS,"DOGS
GODS",4,1378,0.0003509,2
GLOS,"LOGS
SLOG",4,1379,0.0003509,2
EGGT,TEGG,4,1380,0.0003428,1
DRRU,DURR,4,1381,0.0003417,1
NNSU,"NUNS
SUNN",4,1382,0.0003417,2
STTU,TUTS,4,1383,0.0003417,1
DNSU,DUNS,4,1384,0.0003387,1
DRSU,"SURD
URDS",4,1385,0.0003387,2
DSTU,"DUST
STUD",4,1386,0.0003387,2
LNSU,LUNS,4,1387,0.0003387,1
LRSU,SLUR,4,1388,0.0003387,1
LSTU,"LUST
SLUT",4,1389,0.0003387,2
AGGO,AGOG,4,1390,0.0003382,1
AAKS,KAAS,4,1391,0.0003371,1
AALX,AXAL,4,1392,0.0003371,1
AAQU,AQUA,4,1393,0.0003371,1
ABGN,BANG,4,1394,0.0003351,1
ABGR,"BRAG
GARB
GRAB",4,1395,0.0003351,3
ACGR,CRAG,4,1396,0.0003351,1
AFGN,FANG,4,1397,0.0003351,1
AFGR,FRAG,4,1398,0.0003351,1
AGHN,HANG,4,1399,0.0003351,1
AGHR,ARGH,4,1400,0.0003351,1
AGHT,GHAT,4,1401,0.0003351,1
AGMR,GRAM,4,1402,0.0003351,1
AGNP,PANG,4,1403,0.0003351,1
AGNV,VANG,4,1404,0.0003351,1
AGNW,GNAW,4,1405,0.0003351,1
AGNY,YANG,4,1406,0.0003351,1
AGRY,GRAY,4,1407,0.0003351,1
BGIN,BING,4,1408,0.0003351,1
BGIR,BRIG,4,1409,0.0003351,1
FGIR,FRIG,4,1410,0.0003351,1
FGIT,GIFT,4,1411,0.0003351,1
GHIN,NIGH,4,1412,0.0003351,1
GIMR,GRIM,4,1413,0.0003351,1
GINP,PING,4,1414,0.0003351,1
GINW,WING,4,1415,0.0003351,1
GIPR,"GRIP
PRIG",4,1416,0.0003351,2
GIRY,GYRI,4,1417,0.0003351,1
GITW,TWIG,4,1418,0.0003351,1
BEHR,HERB,4,1419,0.0003325,1
BEHT,BETH,4,1420,0.0003325,1
BEMR,BERM,4,1421,0.0003325,1
BENW,NEWB,4,1422,0.0003325,1
BERV,VERB,4,1423,0.0003325,1
BERW,BREW,4,1424,0.0003325,1
BERY,BYRE,4,1425,0.0003325,1
BETY,BYTE,4,1426,0.0003325,1
CEHT,"ECHT
ETCH
TECH",4,1427,0.0003325,3
CEMR,MERC,4,1428,0.0003325,1
CEPR,PERC,4,1429,0.0003325,1
CERW,CREW,4,1430,0.0003325,1
EFHT,HEFT,4,1431,0.0003325,1
EFTW,WEFT,4,1432,0.0003325,1
EHMR,HERM,4,1433,0.0003325,1
EHMT,"METH
THEM",4,1434,0.0003325,2
EHNW,"HEWN
WHEN",4,1435,0.0003325,2
EHTW,"THEW
WHET",4,1436,0.0003325,2
EHTY,"HYTE
THEY",4,1437,0.0003325,2
EMPR,PERM,4,1438,0.0003325,1
EMPT,TEMP,4,1439,0.0003325,1
ENVY,ENVY,4,1440,0.0003325,1
EPRV,PERV,4,1441,0.0003325,1
EPRY,"PREY
PYRE",4,1442,0.0003325,2
EPTW,WEPT,4,1443,0.0003325,1
EPTY,TYPE,4,1444,0.0003325,1
ERVY,VERY,4,1445,0.0003325,1
ETWY,WYTE,4,1446,0.0003325,1
EGSS,SEGS,4,1447,0.0003305,1
ABEK,"BAKE
BEAK",4,1448,0.00033,2
ACEK,CAKE,4,1449,0.00033,1
AEFK,FAKE,4,1450,0.00033,1
AEFZ,FAZE,4,1451,0.00033,1
AEHK,HAKE,4,1452,0.00033,1
AEHZ,HAZE,4,1453,0.00033,1
AEJP,JAPE,4,1454,0.00033,1
AEKM,"KAME
MAKE",4,1455,0.00033,2
AEKP,PEAK,4,1456,0.00033,1
AEKW,"WAKE
WEAK
WEKA",4,1457,0.00033,3
AEMX,EXAM,4,1458,0.00033,1
AEMZ,MAZE,4,1459,0.00033,1
AEPX,APEX,4,1460,0.00033,1
BEIJ,JIBE,4,1461,0.00033,1
BEIK,"BIKE
KIBE",4,1462,0.00033,2
BEIX,IBEX,4,1463,0.00033,1
BEIZ,BIZE,4,1464,0.00033,1
EFIK,KIEF,4,1465,0.00033,1
EHIK,HIKE,4,1466,0.00033,1
EIJV,JIVE,4,1467,0.00033,1
EIKM,MIKE,4,1468,0.00033,1
EIKP,"KEPI
PIKE",4,1469,0.00033,2
ABMO,AMBO,4,1470,0.0003285,1
ACHO,CHAO,4,1471,0.0003285,1
ACMO,"CAMO
COMA",4,1472,0.0003285,2
ACOP,CAPO,4,1473,0.0003285,1
AFMO,FOAM,4,1474,0.0003285,1
AFOY,OFAY,4,1475,0.0003285,1
AHMO,HOMA,4,1476,0.0003285,1
AHOP,OPAH,4,1477,0.0003285,1
AHOW,WHOA,4,1478,0.0003285,1
AHOY,"AHOY
HOYA",4,1479,0.0003285,2
AMOY,MAYO,4,1480,0.0003285,1
AOVW,AVOW,4,1481,0.0003285,1
CFIO,"COIF
FICO
FOCI",4,1482,0.0003285,3
ADDS,"ADDS
DADS",4,1483,0.0003142,2
ADDU,DUAD,4,1484,0.0003142,1
ALLS,"ALLS
SALL",4,1485,0.0003142,2
ALSS,"LASS
SALS",4,1486,0.0003142,2
ALUU,LUAU,4,1487,0.0003142,1
DILL,DILL,4,1488,0.0003142,1
DISS,DISS,4,1489,0.0003142,1
ILLS,"ILLS
SILL",4,1490,0.0003142,2
BEGS,BEGS,4,1491,0.0003132,1
CEGL,CLEG,4,1492,0.0003132,1
DEGY,EDGY,4,1493,0.0003132,1
EGHU,HUGE,4,1494,0.0003132,1
EGLY,GLEY,4,1495,0.0003132,1
EGMS,"GEMS
MEGS",4,1496,0.0003132,2
EGMU,GEUM,4,1497,0.0003132,1
EGPS,PEGS,4,1498,0.0003132,1
BGOO,GOBO,4,1499,0.000305,1
FGOO,GOOF,4,1500,0.000305,1
GOOP,"GOOP
POGO",4,1501,0.000305,2
BGNO,BONG,4,1502,0.0003019,1
FGOR,FROG,4,1503,0.0003019,1
GHNO,HONG,4,1504,0.0003019,1
GHOT,GOTH,4,1505,0.0003019,1
GMOR,GORM,4,1506,0.0003019,1
GNOP,PONG,4,1507,0.0003019,1
GNOW,GOWN,4,1508,0.0003019,1
GNOY,GYNO,4,1509,0.0003019,1
GOPR,"GORP
PROG",4,1510,0.0003019,2
GORW,GROW,4,1511,0.0003019,1
GORY,"GORY
GYRO
ORGY",4,1512,0.0003019,3
AAGG,GAGA,4,1513,0.0003014,1
GIJO,GOJI,4,1514,0.0003009,1
IJNN,JINN,4,1515,0.0002999,1
ABDL,BALD,4,1516,0.0002989,1
ABDS,"BADS
DABS",4,1517,0.0002989,2
ABDU,"BAUD
DAUB",4,1518,0.0002989,2
ABLS,"ALBS
BALS
LABS
SLAB",4,1519,0.0002989,4
ABSU,SUBA,4,1520,0.0002989,1
ACDL,CLAD,4,1521,0.0002989,1
ACDS,"CADS
SCAD",4,1522,0.0002989,2
ACLS,"CALS
LACS",4,1523,0.0002989,2
ACLU,CAUL,4,1524,0.0002989,1
ADFS,FADS,4,1525,0.0002989,1
ADHL,"DAHL
DHAL",4,1526,0.0002989,2
ADHS,"DAHS
DASH
SHAD",4,1527,0.0002989,3
ADLY,"LADY
YALD",4,1528,0.0002989,2
ADMS,"DAMS
MADS",4,1529,0.0002989,2
ADMU,"DUMA
MAUD",4,1530,0.0002989,2
ADPS,"DAPS
PADS",4,1531,0.0002989,2
ADSW,"DAWS
WADS",4,1532,0.0002989,2
ADSY,DAYS,4,1533,0.0002989,1
ADUY,YAUD,4,1534,0.0002989,1
AHLS,"LAHS
LASH",4,1535,0.0002989,2
AHLU,"HAUL
HULA",4,1536,0.0002989,2
ALMS,"ALMS
LAMS
SLAM",4,1537,0.0002989,3
ALMU,"ALUM
LUMA
MAUL",4,1538,0.0002989,3
ALPS,"ALPS
LAPS
PALS
SALP
SLAP",4,1539,0.0002989,5
ALPU,PULA,4,1540,0.0002989,1
ALSV,LAVS,4,1541,0.0002989,1
ALSW,"AWLS
LAWS
SLAW",4,1542,0.0002989,3
ALSY,"LAYS
SLAY",4,1543,0.0002989,2
ALUV,ULVA,4,1544,0.0002989,1
ALUW,WAUL,4,1545,0.0002989,1
AMSU,AMUS,4,1546,0.0002989,1
APSU,UPAS,4,1547,0.0002989,1
ASUV,VAUS,4,1548,0.0002989,1
BDIS,"BIDS
DIBS",4,1549,0.0002989,2
BILS,LIBS,4,1550,0.0002989,1
CDIS,DISC,4,1551,0.0002989,1
CDIU,DUCI,4,1552,0.0002989,1
DFIS,"DIFS
FIDS",4,1553,0.0002989,2
DHIS,"DISH
SIDH",4,1554,0.0002989,2
DILM,MILD,4,1555,0.0002989,1
DILW,WILD,4,1556,0.0002989,1
DILY,"IDLY
IDYL",4,1557,0.0002989,2
DIMS,"DIMS
MIDS",4,1558,0.0002989,2
DIPS,DIPS,4,1559,0.0002989,1
DISV,VIDS,4,1560,0.0002989,1
DISY,YIDS,4,1561,0.0002989,1
FILS,FILS,4,1562,0.0002989,1
ILMS,"MILS
SLIM",4,1563,0.0002989,2
ILPS,"LIPS
LISP
SLIP",4,1564,0.0002989,3
ILPU,PULI,4,1565,0.0002989,1
ILSY,SYLI,4,1566,0.0002989,1
IMSU,SUMI,4,1567,0.0002989,1
CEKO,COKE,4,1568,0.0002968,1
EHKO,"HOKE
OKEH",4,1569,0.0002968,2
EJOY,JOEY,4,1570,0.0002968,1
EKMO,MOKE,4,1571,0.0002968,1
EKOP,POKE,4,1572,0.0002968,1
EKOW,WOKE,4,1573,0.0002968,1
EKOY,YOKE,4,1574,0.0002968,1
EOPX,EXPO,4,1575,0.0002968,1
EOYZ,OYEZ,4,1576,0.0002968,1
AACP,PACA,4,1577,0.0002958,1
AACV,CAVA,4,1578,0.0002958,1
AAFH,HAAF,4,1579,0.0002958,1
AAFV,FAVA,4,1580,0.0002958,1
AAHM,AMAH,4,1581,0.0002958,1
AAHW,WAAH,4,1582,0.0002958,1
AAHY,AYAH,4,1583,0.0002958,1
AAMY,MAYA,4,1584,0.0002958,1
AAWY,AWAY,4,1585,0.0002958,1
IIMP,IMPI,4,1586,0.0002958,1
EEMM,MEME,4,1587,0.0002948,1
EEPP,PEEP,4,1588,0.0002948,1
BNRU,BURN,4,1589,0.0002917,1
BNTU,BUNT,4,1590,0.0002917,1
BRTU,BRUT,4,1591,0.0002917,1
CNRU,CURN,4,1592,0.0002917,1
CNTU,CUNT,4,1593,0.0002917,1
CRTU,CURT,4,1594,0.0002917,1
DNRY,RYND,4,1595,0.0002917,1
FRTU,TURF,4,1596,0.0002917,1
HNTU,HUNT,4,1597,0.0002917,1
HRTU,"HURT
RUTH
THRU",4,1598,0.0002917,3
NPTU,PUNT,4,1599,0.0002917,1
RTUY,YURT,4,1600,0.0002917,1
ADKN,DANK,4,1601,0.0002912,1
ADKR,DARK,4,1602,0.0002912,1
AJLR,JARL,4,1603,0.0002912,1
AJRS,JARS,4,1604,0.0002912,1
AJRU,JURA,4,1605,0.0002912,1
AKLN,LANK,4,1606,0.0002912,1
AKLR,LARK,4,1607,0.0002912,1
AKLT,TALK,4,1608,0.0002912,1
AKNS,SANK,4,1609,0.0002912,1
AKNU,KUNA,4,1610,0.0002912,1
AKRS,"ARKS
SARK",4,1611,0.0002912,2
AKRU,RAKU,4,1612,0.0002912,1
AKST,"KATS
SKAT
TASK",4,1613,0.0002912,3
AQST,QATS,4,1614,0.0002912,1
DIJN,DJIN,4,1615,0.0002912,1
DIJR,JIRD,4,1616,0.0002912,1
DIKN,"DINK
KIND",4,1617,0.0002912,2
DIKR,DIRK,4,1618,0.0002912,1
DITZ,DITZ,4,1619,0.0002912,1
IJLT,JILT,4,1620,0.0002912,1
IJNS,JINS,4,1621,0.0002912,1
IKLN,"KILN
LINK",4,1622,0.0002912,2
IKLT,KILT,4,1623,0.0002912,1
IKNS,"INKS
KINS
SINK
SKIN",4,1624,0.0002912,4
IKRS,"IRKS
KIRS
KRIS
RISK",4,1625,0.0002912,4
IKST,"KIST
KITS
SKIT",4,1626,0.0002912,3
INQU,QUIN,4,1627,0.0002912,1
INSZ,ZINS,4,1628,0.0002912,1
IQTU,QUIT,4,1629,0.0002912,1
ISTZ,ZITS,4,1630,0.0002912,1
DDOS,ODDS,4,1631,0.0002836,1
DLLO,DOLL,4,1632,0.0002836,1
DOSS,"DOSS
SODS",4,1633,0.0002836,2
LOSS,"LOSS
SOLS",4,1634,0.0002836,2
OSSU,SOUS,4,1635,0.0002836,1
DGNU,DUNG,4,1636,0.0002744,1
DGRU,DRUG,4,1637,0.0002744,1
GLNU,LUNG,4,1638,0.0002744,1
GLTU,GLUT,4,1639,0.0002744,1
GNSU,"GNUS
GUNS
NUGS
SNUG
SUNG",4,1640,0.0002744,5
GRSU,RUGS,4,1641,0.0002744,1
GSTU,"GUST
GUTS
TUGS",4,1642,0.0002744,3
DEKS,"DESK
SKED",4,1643,0.0002713,2
DEKU,DUKE,4,1644,0.0002713,1
DESZ,ZEDS,4,1645,0.0002713,1
EKLS,"ELKS
LEKS",4,1646,0.0002713,2
EKLU,LEKU,4,1647,0.0002713,1
EKSU,"KUES
UKES",4,1648,0.0002713,2
ELUX,LUXE,4,1649,0.0002713,1
BDLO,BOLD,4,1650,0.0002693,1
BDOS,BODS,4,1651,0.0002693,1
BLOS,"LOBS
SLOB",4,1652,0.0002693,2
CDLO,"CLOD
COLD",4,1653,0.0002693,2
CDOS,"CODS
DOCS",4,1654,0.0002693,2
CLOS,COLS,4,1655,0.0002693,1
DFLO,FOLD,4,1656,0.0002693,1
DHLO,HOLD,4,1657,0.0002693,1
DHOS,"DOHS
DOSH
HODS
SHOD",4,1658,0.0002693,4
DLMO,MOLD,4,1659,0.0002693,1
DLOP,PLOD,4,1660,0.0002693,1
DLOW,WOLD,4,1661,0.0002693,1
DLOY,"ODYL
OLDY",4,1662,0.0002693,2
DMOS,"DOMS
MODS",4,1663,0.0002693,2
DMOU,DOUM,4,1664,0.0002693,1
DOPS,PODS,4,1665,0.0002693,1
DOPU,UPDO,4,1666,0.0002693,1
DOSW,DOWS,4,1667,0.0002693,1
DOSY,YODS,4,1668,0.0002693,1
FLOU,FOUL,4,1669,0.0002693,1
HLOS,HOLS,4,1670,0.0002693,1
LMOS,MOLS,4,1671,0.0002693,1
LOPS,"LOPS
POLS
SLOP",4,1672,0.0002693,3
LOPU,LOUP,4,1673,0.0002693,1
LOSW,"LOWS
OWLS
SLOW",4,1674,0.0002693,3
MOSU,"MUSO
SUMO",4,1675,0.0002693,2
OPSU,"OPUS
SOUP",4,1676,0.0002693,2
OSUY,YOUS,4,1677,0.0002693,1
DJOO,DOJO,4,1678,0.0002673,1
KLOO,"KOLO
LOOK",4,1679,0.0002673,2
KOOS,SOOK,4,1680,0.0002673,1
OOSZ,ZOOS,4,1681,0.0002673,1
OOUZ,OUZO,4,1682,0.0002673,1
AGGN,GANG,4,1683,0.0002647,1
AGGR,RAGG,4,1684,0.0002647,1
GGIR,GRIG,4,1685,0.0002647,1
ABBE,"ABBE
BABE",4,1686,0.0002642,2
ACCE,CECA,4,1687,0.0002642,1
BBEI,BIBE,4,1688,0.0002642,1
EFFI,"FIEF
FIFE",4,1689,0.0002642,2
EIMM,MIME,4,1690,0.0002642,1
EIPP,PIPE,4,1691,0.0002642,1
EIVV,VIVE,4,1692,0.0002642,1
DKOR,DORK,4,1693,0.0002622,1
JLOT,JOLT,4,1694,0.0002622,1
JOST,JOTS,4,1695,0.0002622,1
KORS,KORS,4,1696,0.0002622,1
ORUX,ROUX,4,1697,0.0002622,1
ABCN,BANC,4,1698,0.000256,1
ABCR,"CARB
CRAB",4,1699,0.000256,2
ABFR,BARF,4,1700,0.000256,1
ABHT,"BAHT
BATH",4,1701,0.000256,2
ABMR,BARM,4,1702,0.000256,1
ABNW,BAWN,4,1703,0.000256,1
ABRW,BRAW,4,1704,0.000256,1
ABRY,BRAY,4,1705,0.000256,1
ACFT,FACT,4,1706,0.000256,1
ACHR,"ARCH
CHAR",4,1707,0.000256,2
ACHT,"CHAT
TACH",4,1708,0.000256,2
ACMR,"CRAM
MARC",4,1709,0.000256,2
ACNY,CYAN,4,1710,0.000256,1
ACPR,"CARP
CRAP",4,1711,0.000256,2
ACPT,PACT,4,1712,0.000256,1
ACRW,CRAW,4,1713,0.000256,1
ACRY,RACY,4,1714,0.000256,1
AFHT,HAFT,4,1715,0.000256,1
AFMR,FARM,4,1716,0.000256,1
AFNW,FAWN,4,1717,0.000256,1
AFPR,FRAP,4,1718,0.000256,1
AFRY,FRAY,4,1719,0.000256,1
AFTW,WAFT,4,1720,0.000256,1
AHMR,HARM,4,1721,0.000256,1
AHMT,MATH,4,1722,0.000256,1
AHNW,HWAN,4,1723,0.000256,1
AHNY,NYAH,4,1724,0.000256,1
AHPR,HARP,4,1725,0.000256,1
AHPT,"PATH
PHAT",4,1726,0.000256,2
AHTW,"THAW
WHAT",4,1727,0.000256,2
AMNW,MAWN,4,1728,0.000256,1
AMNY,"MANY
MYNA",4,1729,0.000256,2
AMPR,"PRAM
RAMP",4,1730,0.000256,2
AMPT,TAMP,4,1731,0.000256,1
AMRW,WARM,4,1732,0.000256,1
AMRY,ARMY,4,1733,0.000256,1
ANPW,PAWN,4,1734,0.000256,1
ANVY,NAVY,4,1735,0.000256,1
ANWY,"AWNY
WANY
YAWN",4,1736,0.000256,3
APRW,"WARP
WRAP",4,1737,0.000256,2
APRY,PRAY,4,1738,0.000256,1
APTY,PATY,4,1739,0.000256,1
ARVY,VARY,4,1740,0.000256,1
ARWY,"AWRY
WARY",4,1741,0.000256,2
BCIR,CRIB,4,1742,0.000256,1
BIMR,BRIM,4,1743,0.000256,1
BINY,INBY,4,1744,0.000256,1
CHIN,"CHIN
INCH",4,1745,0.000256,2
CHIR,RICH,4,1746,0.000256,1
CHIT,"CHIT
ITCH",4,1747,0.000256,2
CIPR,CRIP,4,1748,0.000256,1
CITY,CITY,4,1749,0.000256,1
FIMR,FIRM,4,1750,0.000256,1
HINW,WHIN,4,1751,0.000256,1
HIPT,PITH,4,1752,0.000256,1
HIRW,WHIR,4,1753,0.000256,1
HITW,"WHIT
WITH",4,1754,0.000256,2
IMPR,PRIM,4,1755,0.000256,1
IMRY,"MIRY
RIMY",4,1756,0.000256,2
IMTY,MITY,4,1757,0.000256,1
INPY,"PINY
PYIN",4,1758,0.000256,2
INVY,VINY,4,1759,0.000256,1
INWY,WINY,4,1760,0.000256,1
IPTY,PITY,4,1761,0.000256,1
IRWY,WIRY,4,1762,0.000256,1
ITVY,TIVY,4,1763,0.000256,1
AGLL,GALL,4,1764,0.0002555,1
AGSS,SAGS,4,1765,0.0002555,1
GILL,GILL,4,1766,0.0002555,1
GISS,SIGS,4,1767,0.0002555,1
BELL,BELL,4,1768,0.000255,1
CELL,CELL,4,1769,0.000255,1
CESS,"CESS
SECS",4,1770,0.000255,2
DDEY,"DYED
EDDY",4,1771,0.000255,2
EFLL,FELL,4,1772,0.000255,1
EFSS,FESS,4,1773,0.000255,1
EHLL,HELL,4,1774,0.000255,1
EHSS,"SESH
SHES",4,1775,0.000255,2
ELLM,MELL,4,1776,0.000255,1
ELLW,WELL,4,1777,0.000255,1
ELLY,YELL,4,1778,0.000255,1
EMSS,MESS,4,1779,0.000255,1
EPSS,SEPS,4,1780,0.000255,1
ESSV,SEVS,4,1781,0.000255,1
ESSW,SEWS,4,1782,0.000255,1
EEJZ,JEEZ,4,1783,0.0002545,1
AFIK,KAIF,4,1784,0.0002535,1
AHIJ,HAJI,4,1785,0.0002535,1
AHIK,HAIK,4,1786,0.0002535,1
AIKM,"KAMI
MAKI",4,1787,0.0002535,2
AIKP,"PAIK
PIKA",4,1788,0.0002535,2
AIKV,KIVA,4,1789,0.0002535,1
AIMX,MAXI,4,1790,0.0002535,1
EGGL,GLEG,4,1791,0.0002479,1
EGGS,EGGS,4,1792,0.0002479,1
DLSU,LUDS,4,1793,0.0002448,1
ABGL,BLAG,4,1794,0.0002413,1
ABGS,"BAGS
GABS",4,1795,0.0002413,2
ACGL,CLAG,4,1796,0.0002413,1
ACGS,SCAG,4,1797,0.0002413,1
AFGL,FLAG,4,1798,0.0002413,1
AFGS,FAGS,4,1799,0.0002413,1
AGHS,"GASH
HAGS
SHAG",4,1800,0.0002413,3
AGHU,AUGH,4,1801,0.0002413,1
AGLM,GLAM,4,1802,0.0002413,1
AGLY,AGLY,4,1803,0.0002413,1
AGMS,"GAMS
MAGS",4,1804,0.0002413,2
AGMU,GAUM,4,1805,0.0002413,1
AGPS,"GAPS
GASP",4,1806,0.0002413,2
AGSW,"SWAG
WAGS",4,1807,0.0002413,2
AGSY,"GAYS
SAGY
YAGS",4,1808,0.0002413,3
AGUY,YUGA,4,1809,0.0002413,1
BGIL,GLIB,4,1810,0.0002413,1
BGIS,"BIGS
GIBS",4,1811,0.0002413,2
CGIS,CIGS,4,1812,0.0002413,1
FGIS,"FIGS
GIFS",4,1813,0.0002413,2
GHIS,"GHIS
SIGH",4,1814,0.0002413,2
GILM,GLIM,4,1815,0.0002413,1
GIMS,MIGS,4,1816,0.0002413,1
GIPS,"GIPS
PIGS",4,1817,0.0002413,2
GISV,VIGS,4,1818,0.0002413,1
GISW,"SWIG
WIGS",4,1819,0.0002413,2
GGOO,GOGO,4,1820,0.0002397,1
BCEU,CUBE,4,1821,0.0002387,1
BELP,PLEB,4,1822,0.0002387,1
BELW,BLEW,4,1823,0.0002387,1
BESW,WEBS,4,1824,0.0002387,1
BESY,"BEYS
BYES",4,1825,0.0002387,2
CEFL,CLEF,4,1826,0.0002387,1
CEHL,LECH,4,1827,0.0002387,1
CELW,CLEW,4,1828,0.0002387,1
CEPS,"CEPS
PECS
SPEC",4,1829,0.0002387,3
CEPU,PUCE,4,1830,0.0002387,1
CESY,SYCE,4,1831,0.0002387,1
DEFY,DEFY,4,1832,0.0002387,1
DEMY,"DEMY
EMYD",4,1833,0.0002387,2
DEWY,DEWY,4,1834,0.0002387,1
EFHS,FEHS,4,1835,0.0002387,1
EFLP,PELF,4,1836,0.0002387,1
EFLW,FLEW,4,1837,0.0002387,1
EFLY,FLEY,4,1838,0.0002387,1
EFMS,FEMS,4,1839,0.0002387,1
EFMU,FUME,4,1840,0.0002387,1
EHLM,HELM,4,1841,0.0002387,1
EHLP,HELP,4,1842,0.0002387,1
EHMS,"HEMS
MESH",4,1843,0.0002387,2
EHPS,"HEPS
PEHS",4,1844,0.0002387,2
EHSW,"HEWS
SHEW",4,1845,0.0002387,2
ELMW,MEWL,4,1846,0.0002387,1
ELMY,"ELMY
YLEM",4,1847,0.0002387,2
ELPW,PLEW,4,1848,0.0002387,1
ELPY,YELP,4,1849,0.0002387,1
ELVY,LEVY,4,1850,0.0002387,1
ELWY,WYLE,4,1851,0.0002387,1
EMSW,"MEWS
SMEW",4,1852,0.0002387,2
EPSW,"PEWS
SPEW",4,1853,0.0002387,2
EPSY,"ESPY
PYES
YEPS",4,1854,0.0002387,3
ESWY,"WYES
YEWS",4,1855,0.0002387,2
GGNO,"GONG
NOGG",4,1856,0.0002387,2
GGOR,GROG,4,1857,0.0002387,1
EMMO,"MEMO
MOME",4,1858,0.0002377,2
EOPP,"PEPO
POPE",4,1859,0.0002377,2
BHOO,"BOHO
HOBO",4,1860,0.0002346,2
BMOO,BOOM,4,1861,0.0002346,1
BOOY,BOYO,4,1862,0.0002346,1
CFOO,COOF,4,1863,0.0002346,1
CHOO,COHO,4,1864,0.0002346,1
COOP,"COOP
POCO",4,1865,0.0002346,2
FHOO,HOOF,4,1866,0.0002346,1
FMOO,MOFO,4,1867,0.0002346,1
FOOP,POOF,4,1868,0.0002346,1
FOOW,WOOF,4,1869,0.0002346,1
FOOY,YOOF,4,1870,0.0002346,1
HMOO,"HOMO
MOHO",4,1871,0.0002346,2
HOOP,"HOOP
POOH",4,1872,0.0002346,2
MOOP,POMO,4,1873,0.0002346,1
GIKN,"GINK
KING",4,1874,0.0002341,2
GINZ,ZING,4,1875,0.0002341,1
GIRZ,GRIZ,4,1876,0.0002341,1
BEKR,"BERK
KERB",4,1877,0.0002305,2
BFOR,FORB,4,1878,0.0002305,1
BHOT,BOTH,4,1879,0.0002305,1
BMOT,TOMB,4,1880,0.0002305,1
BNOY,BONY,4,1881,0.0002305,1
BOPR,PROB,4,1882,0.0002305,1
BORW,BROW,4,1883,0.0002305,1
BORY,ORBY,4,1884,0.0002305,1
BOTY,TOBY,4,1885,0.0002305,1
CEKN,NECK,4,1886,0.0002305,1
CEKR,RECK,4,1887,0.0002305,1
CFOR,CORF,4,1888,0.0002305,1
CFOT,COFT,4,1889,0.0002305,1
CHNO,CHON,4,1890,0.0002305,1
CMOR,CORM,4,1891,0.0002305,1
CNOY,CONY,4,1892,0.0002305,1
COPR,CROP,4,1893,0.0002305,1
CORW,CROW,4,1894,0.0002305,1
CORY,CORY,4,1895,0.0002305,1
EFKR,KERF,4,1896,0.0002305,1
EHKT,KHET,4,1897,0.0002305,1
EKMR,MERK,4,1898,0.0002305,1
EKNW,KNEW,4,1899,0.0002305,1
EKPR,PERK,4,1900,0.0002305,1
EKPT,KEPT,4,1901,0.0002305,1
EKRY,"RYKE
YERK",4,1902,0.0002305,2
EKTY,"KYTE
TYKE",4,1903,0.0002305,2
EPRX,PREX,4,1904,0.0002305,1
EPRZ,PREZ,4,1905,0.0002305,1
ETVX,VEXT,4,1906,0.0002305,1
FHNO,FOHN,4,1907,0.0002305,1
FMOR,"FORM
FROM",4,1908,0.0002305,2
FOPR,PROF,4,1909,0.0002305,1
FORW,FROW,4,1910,0.0002305,1
HMOT,MOTH,4,1911,0.0002305,1
HNOP,PHON,4,1912,0.0002305,1
HOPT,"PHOT
TOPH",4,1913,0.0002305,2
MNOW,MOWN,4,1914,0.0002305,1
MNOY,MONY,4,1915,0.0002305,1
MOPR,"PROM
ROMP",4,1916,0.0002305,2
MORW,WORM,4,1917,0.0002305,1
NOPY,PONY,4,1918,0.0002305,1
OPRW,PROW,4,1919,0.0002305,1
OPRY,"PYRO
ROPY",4,1920,0.0002305,2
OPTY,TYPO,4,1921,0.0002305,1
ORVW,VROW,4,1922,0.0002305,1
OTWY,TOWY,4,1923,0.0002305,1
ACOX,"COAX
COXA",4,1924,0.000228,2
AHOX,HOAX,4,1925,0.000228,1
AKMO,"AMOK
MAKO",4,1926,0.000228,2
AKOY,"KAYO
OAKY
OKAY",4,1927,0.000228,3
AMOX,MOXA,4,1928,0.000228,1
CIOX,OXIC,4,1929,0.000228,1
CIOZ,ZOIC,4,1930,0.000228,1
IMOX,OXIM,4,1931,0.000228,1
AEJK,JAKE,4,1932,0.0002254,1
TTUU,TUTU,4,1933,0.0002234,1
DDRU,RUDD,4,1934,0.0002224,1
LLNU,NULL,4,1935,0.0002224,1
NSSU,SUNS,4,1936,0.0002224,1
RSUU,URUS,4,1937,0.0002224,1
EGKS,"KEGS
SKEG",4,1938,0.0002178,2
BGLO,"BLOG
GLOB",4,1939,0.0002173,2
BGOS,"BOGS
GOBS",4,1940,0.0002173,2
CGLO,CLOG,4,1941,0.0002173,1
CGOS,COGS,4,1942,0.0002173,1
DGOW,GOWD,4,1943,0.0002173,1
DGOY,DOGY,4,1944,0.0002173,1
FGLO,"FLOG
GOLF",4,1945,0.0002173,2
FGOS,FOGS,4,1946,0.0002173,1
GHOS,"GOSH
HOGS
SHOG",4,1947,0.0002173,3
GLMO,GLOM,4,1948,0.0002173,1
GLOP,GLOP,4,1949,0.0002173,1
GLOV,VLOG,4,1950,0.0002173,1
GLOW,GLOW,4,1951,0.0002173,1
GLOY,LOGY,4,1952,0.0002173,1
GMOS,"MOGS
SMOG",4,1953,0.0002173,2
GOSV,VOGS,4,1954,0.0002173,1
GOSW,WOGS,4,1955,0.0002173,1
GOSY,GOYS,4,1956,0.0002173,1
GKOO,GOOK,4,1957,0.0002157,1
BNNU,BUNN,4,1958,0.0002152,1
BRRU,BURR,4,1959,0.0002152,1
BTTU,BUTT,4,1960,0.0002152,1
CRRU,CURR,4,1961,0.0002152,1
FTTU,TUFT,4,1962,0.0002152,1
MRRU,MURR,4,1963,0.0002152,1
MTTU,MUTT,4,1964,0.0002152,1
PRRU,PURR,4,1965,0.0002152,1
PTTU,PUTT,4,1966,0.0002152,1
GKOR,GROK,4,1967,0.0002106,1
BDNU,BUND,4,1968,0.0002101,1
BDRU,"BURD
DRUB",4,1969,0.0002101,2
BLRU,"BLUR
BURL",4,1970,0.0002101,2
BNSU,"BUNS
NUBS
SNUB",4,1971,0.0002101,3
BRSU,"BURS
RUBS
URBS",4,1972,0.0002101,3
BSTU,"BUST
BUTS
STUB
TUBS",4,1973,0.0002101,4
CDRU,"CRUD
CURD",4,1974,0.0002101,2
CDTU,DUCT,4,1975,0.0002101,1
CLRU,CURL,4,1976,0.0002101,1
CLTU,CULT,4,1977,0.0002101,1
CRSU,"CRUS
CURS",4,1978,0.0002101,2
CSTU,"CUTS
SCUT",4,1979,0.0002101,2
DFNU,FUND,4,1980,0.0002101,1
DHTU,THUD,4,1981,0.0002101,1
DMRU,DRUM,4,1982,0.0002101,1
DNUY,UNDY,4,1983,0.0002101,1
DRSY,DRYS,4,1984,0.0002101,1
DTUY,DUTY,4,1985,0.0002101,1
FLRU,FURL,4,1986,0.0002101,1
FNSU,FUNS,4,1987,0.0002101,1
FRSU,"FURS
SURF",4,1988,0.0002101,2
HLRU,HURL,4,1989,0.0002101,1
HNSU,"HUNS
SHUN",4,1990,0.0002101,2
HRSU,"RHUS
RUSH",4,1991,0.0002101,2
HSTU,"HUTS
SHUT
THUS
TUSH",4,1992,0.0002101,4
LNUV,VULN,4,1993,0.0002101,1
LNUY,LUNY,4,1994,0.0002101,1
LPRU,PURL,4,1995,0.0002101,1
LRUY,RULY,4,1996,0.0002101,1
MNSU,MUNS,4,1997,0.0002101,1
MRSU,RUMS,4,1998,0.0002101,1
MSTU,"MUST
MUTS
SMUT
STUM
TUMS",4,1999,0.0002101,5
NPSU,"PUNS
SPUN",4,2000,0.0002101,2
PRSU,"PURS
SPUR
URPS",4,2001,0.0002101,3
PSTU,"PUTS
TUPS",4,2002,0.0002101,2
RSUY,RYUS,4,2003,0.0002101,1
ADKS,DAKS,4,2004,0.0002086,1
ADQU,QUAD,4,2005,0.0002086,1
AKSU,"AUKS
SKUA",4,2006,0.0002086,2
DIKS,"DISK
KIDS
SKID",4,2007,0.0002086,3
DIQU,QUID,4,2008,0.0002086,1
IKLS,"ILKS
SILK",4,2009,0.0002086,2
AAJV,JAVA,4,2010,0.0002076,1
AAKP,KAPA,4,2011,0.0002076,1
AAKV,KAVA,4,2012,0.0002076,1
IIKP,PIKI,4,2013,0.0002076,1
IIKW,"KIWI
WIKI",4,2014,0.0002076,2
KNRU,KNUR,4,2015,0.000204,1
KRTU,TURK,4,2016,0.000204,1
AIMM,"IMAM
MAIM",4,2017,0.000203,2
AIPP,PIPA,4,2018,0.000203,1
AIVV,VIVA,4,2019,0.000203,1
EJKO,JOKE,4,2020,0.0002025,1
DGSU,DUGS,4,2021,0.0001979,1
GLSU,"GULS
LUGS
SLUG",4,2022,0.0001979,3
ABLL,BALL,4,2023,0.0001969,1
ABSS,"BASS
SABS",4,2024,0.0001969,2
ACLL,CALL,4,2025,0.0001969,1
ACSS,SACS,4,2026,0.0001969,1
ADDY,DYAD,4,2027,0.0001969,1
AFLL,FALL,4,2028,0.0001969,1
AHLL,HALL,4,2029,0.0001969,1
AHSS,SASH,4,2030,0.0001969,1
ALLM,MALL,4,2031,0.0001969,1
ALLP,PALL,4,2032,0.0001969,1
ALLW,WALL,4,2033,0.0001969,1
ALLY,ALLY,4,2034,0.0001969,1
AMSS,MASS,4,2035,0.0001969,1
APSS,"ASPS
PASS
SAPS
SPAS",4,2036,0.0001969,4
ASSW,SAWS,4,2037,0.0001969,1
ASSY,SAYS,4,2038,0.0001969,1
BILL,BILL,4,2039,0.0001969,1
BISS,SIBS,4,2040,0.0001969,1
CISS,SICS,4,2041,0.0001969,1
DDIY,DIDY,4,2042,0.0001969,1
FILL,FILL,4,2043,0.0001969,1
HILL,HILL,4,2044,0.0001969,1
HISS,HISS,4,2045,0.0001969,1
ILLM,MILL,4,2046,0.0001969,1
ILLP,PILL,4,2047,0.0001969,1
ILLV,VILL,4,2048,0.0001969,1
ILLW,WILL,4,2049,0.0001969,1
ILLY,"ILLY
LILY
YILL",4,2050,0.0001969,3
IMSS,"ISMS
MISS
SIMS",4,2051,0.0001969,3
IPSS,"PISS
PSIS
SIPS",4,2052,0.0001969,3
ISSW,WISS,4,2053,0.0001969,1
BEGY,GYBE,4,2054,0.0001918,1
EGVY,GYVE,4,2055,0.0001918,1
AGGS,GAGS,4,2056,0.0001913,1
GGIS,"GIGS
IGGS",4,2057,0.0001913,2
DJOU,JUDO,4,2058,0.0001877,1
DKOU,KUDO,4,2059,0.0001877,1
DOQU,QUOD,4,2060,0.0001877,1
DOUX,DOUX,4,2061,0.0001877,1
JOSU,SOJU,4,2062,0.0001877,1
KLOS,SKOL,4,2063,0.0001877,1
KOSU,SOUK,4,2064,0.0001877,1
EFFT,TEFF,4,2065,0.0001846,1
EHHT,HETH,4,2066,0.0001846,1
EPPR,"PERP
PREP
REPP",4,2067,0.0001846,3
ERYY,EYRY,4,2068,0.0001846,1
ABCS,"CABS
SCAB",4,2069,0.0001836,2
ABDW,BAWD,4,2070,0.0001836,1
ABFL,FLAB,4,2071,0.0001836,1
ABFS,FABS,4,2072,0.0001836,1
ABHL,BLAH,4,2073,0.0001836,1
ABHS,BASH,4,2074,0.0001836,1
ABHU,HABU,4,2075,0.0001836,1
ABLM,"BALM
BLAM
LAMB",4,2076,0.0001836,3
ABLW,"BAWL
BLAW",4,2077,0.0001836,2
ABLY,ABLY,4,2078,0.0001836,1
ABMS,BAMS,4,2079,0.0001836,1
ABPS,BAPS,4,2080,0.0001836,1
ABSW,"SWAB
WABS",4,2081,0.0001836,2
ABSY,"ABYS
BAYS",4,2082,0.0001836,2
ACDH,CHAD,4,2083,0.0001836,1
ACFL,CALF,4,2084,0.0001836,1
ACFS,CAFS,4,2085,0.0001836,1
ACHS,CASH,4,2086,0.0001836,1
ACLM,"CALM
CLAM",4,2087,0.0001836,2
ACLP,CLAP,4,2088,0.0001836,1
ACLW,CLAW,4,2089,0.0001836,1
ACLY,"ACYL
CLAY
LACY",4,2090,0.0001836,3
ACMS,"CAMS
MACS
SCAM",4,2091,0.0001836,3
ACPS,"CAPS
PACS",4,2092,0.0001836,2
ACSV,VACS,4,2093,0.0001836,1
ACSW,CAWS,4,2094,0.0001836,1
ACSY,CAYS,4,2095,0.0001836,1
ACUY,YUCA,4,2096,0.0001836,1
ADMP,DAMP,4,2097,0.0001836,1
ADVY,DAVY,4,2098,0.0001836,1
ADWY,WADY,4,2099,0.0001836,1
AFHL,HALF,4,2100,0.0001836,1
AFHS,"FAHS
FASH",4,2101,0.0001836,2
AFLM,FLAM,4,2102,0.0001836,1
AFLP,FLAP,4,2103,0.0001836,1
AFLW,FLAW,4,2104,0.0001836,1
AFLY,FLAY,4,2105,0.0001836,1
AFSY,FAYS,4,2106,0.0001836,1
AHLM,HALM,4,2107,0.0001836,1
AHLY,HYLA,4,2108,0.0001836,1
AHMS,"HAMS
MASH
SHAM",4,2109,0.0001836,3
AHPS,"HAPS
HASP
PASH",4,2110,0.0001836,3
AHSW,"HAWS
SHAW
SHWA
WASH",4,2111,0.0001836,4
AHSY,"ASHY
HAYS
SHAY",4,2112,0.0001836,3
ALMP,"LAMP
PALM",4,2113,0.0001836,2
ALMY,AMYL,4,2114,0.0001836,1
ALPW,PAWL,4,2115,0.0001836,1
ALPY,"PALY
PLAY",4,2116,0.0001836,2
ALWY,"WALY
YAWL",4,2117,0.0001836,2
AMPS,"AMPS
MAPS
PAMS
SAMP
SPAM",4,2118,0.0001836,5
AMPU,PUMA,4,2119,0.0001836,1
AMSW,"MAWS
SWAM",4,2120,0.0001836,2
AMSY,"MAYS
YAMS",4,2121,0.0001836,2
APSW,"PAWS
SWAP
WAPS
WASP",4,2122,0.0001836,4
APSY,"PAYS
PYAS
SPAY
YAPS",4,2123,0.0001836,4
APUY,YAUP,4,2124,0.0001836,1
ASVW,VAWS,4,2125,0.0001836,1
ASWY,"SWAY
WAYS
YAWS",4,2126,0.0001836,3
BFIS,FIBS,4,2127,0.0001836,1
BHIS,BISH,4,2128,0.0001836,1
BILM,LIMB,4,2129,0.0001836,1
BILP,BLIP,4,2130,0.0001836,1
BIMS,MIBS,4,2131,0.0001836,1
CDHI,CHID,4,2132,0.0001836,1
CFIL,FLIC,4,2133,0.0001836,1
CFIS,FISC,4,2134,0.0001836,1
CFIU,"CUIF
FUCI",4,2135,0.0001836,2
CHIL,LICH,4,2136,0.0001836,1
CHIS,"CHIS
ICHS",4,2137,0.0001836,2
CHIU,HUIC,4,2138,0.0001836,1
CILP,CLIP,4,2139,0.0001836,1
CIMS,MICS,4,2140,0.0001836,1
CIPS,"PICS
SPIC",4,2141,0.0001836,2
DHIW,WHID,4,2142,0.0001836,1
FHIS,FISH,4,2143,0.0001836,1
FILM,FILM,4,2144,0.0001836,1
FILP,FLIP,4,2145,0.0001836,1
FIPU,PFUI,4,2146,0.0001836,1
HIMS,"HIMS
SHIM",4,2147,0.0001836,2
HIPS,"HIPS
PHIS
PISH
SHIP",4,2148,0.0001836,4
HISV,SHIV,4,2149,0.0001836,1
HISW,WISH,4,2150,0.0001836,1
ILMP,LIMP,4,2151,0.0001836,1
ILMY,LIMY,4,2152,0.0001836,1
ILPY,PILY,4,2153,0.0001836,1
ILWY,WILY,4,2154,0.0001836,1
IMPS,"IMPS
MIPS
SIMP",4,2155,0.0001836,3
IMSV,VIMS,4,2156,0.0001836,1
IMSW,SWIM,4,2157,0.0001836,1
IPSV,SPIV,4,2158,0.0001836,1
IPSW,WISP,4,2159,0.0001836,1
IPSY,YIPS,4,2160,0.0001836,1
ISWY,YWIS,4,2161,0.0001836,1
ACCO,COCA,4,2162,0.0001826,1
AFFO,OFFA,4,2163,0.0001826,1
AMMO,AMMO,4,2164,0.0001826,1
IMMO,MOMI,4,2165,0.0001826,1
GRUU,GURU,4,2166,0.0001806,1
EJLL,JELL,4,2167,0.0001795,1
EJSS,JESS,4,2168,0.0001795,1
BLLO,BOLL,4,2169,0.0001775,1
BOSS,"BOSS
SOBS",4,2170,0.0001775,2
COSS,COSS,4,2171,0.0001775,1
FOSS,FOSS,4,2172,0.0001775,1
HOSS,SOHS,4,2173,0.0001775,1
LLMO,MOLL,4,2174,0.0001775,1
LLOP,POLL,4,2175,0.0001775,1
MOSS,"MOSS
SOMS",4,2176,0.0001775,2
OPSS,SOPS,4,2177,0.0001775,1
OSSW,SOWS,4,2178,0.0001775,1
OSSY,SOYS,4,2179,0.0001775,1
ABKN,BANK,4,2180,0.000177,1
ABKR,"BARK
KBAR",4,2181,0.000177,2
ACKR,"CARK
RACK",4,2182,0.000177,2
ACKT,TACK,4,2183,0.000177,1
ACRZ,CZAR,4,2184,0.000177,1
AFRZ,ZARF,4,2185,0.000177,1
AHKN,"ANKH
HANK
KHAN",4,2186,0.000177,3
AHKR,HARK,4,2187,0.000177,1
AHKT,KHAT,4,2188,0.000177,1
AKMR,MARK,4,2189,0.000177,1
AKNP,KNAP,4,2190,0.000177,1
AKNW,WANK,4,2191,0.000177,1
AKNY,YANK,4,2192,0.000177,1
AKPR,PARK,4,2193,0.000177,1
AKRW,WARK,4,2194,0.000177,1
AKRY,"KRAY
KYAR",4,2195,0.000177,2
AKTY,KYAT,4,2196,0.000177,1
ANYZ,ZANY,4,2197,0.000177,1
BIKR,BIRK,4,2198,0.000177,1
CIKN,NICK,4,2199,0.000177,1
CIKR,RICK,4,2200,0.000177,1
CIKT,TICK,4,2201,0.000177,1
CINQ,CINQ,4,2202,0.000177,1
CINZ,ZINC,4,2203,0.000177,1
FIKN,FINK,4,2204,0.000177,1
FIRZ,FRIZ,4,2205,0.000177,1
FITX,FIXT,4,2206,0.000177,1
HIKT,KITH,4,2207,0.000177,1
IKMN,MINK,4,2208,0.000177,1
IKMR,MIRK,4,2209,0.000177,1
IKNP,PINK,4,2210,0.000177,1
IKNW,WINK,4,2211,0.000177,1
IKNY,INKY,4,2212,0.000177,1
IMNX,MINX,4,2213,0.000177,1
IMTX,MIXT,4,2214,0.000177,1
INXY,NIXY,4,2215,0.000177,1
BRRR,BRRR,4,2216,0.0001744,1
BGNU,BUNG,4,2217,0.0001693,1
BGRU,"BURG
GRUB",4,2218,0.0001693,2
FGRU,FRUG,4,2219,0.0001693,1
GHNU,HUNG,4,2220,0.0001693,1
GHTU,THUG,4,2221,0.0001693,1
GMNU,MUNG,4,2222,0.0001693,1
GMRU,GRUM,4,2223,0.0001693,1
GNPU,PUNG,4,2224,0.0001693,1
AGJS,JAGS,4,2225,0.0001673,1
AGJU,JUGA,4,2226,0.0001673,1
AGKS,SKAG,4,2227,0.0001673,1
AGKU,KAGU,4,2228,0.0001673,1
AGQU,QUAG,4,2229,0.0001673,1
AGSZ,ZAGS,4,2230,0.0001673,1
GIJS,JIGS,4,2231,0.0001673,1
GISZ,ZIGS,4,2232,0.0001673,1
AABB,"ABBA
BABA",4,2233,0.0001663,2
AACC,CACA,4,2234,0.0001663,1
AAHH,HAHA,4,2235,0.0001663,1
AAMM,MAMA,4,2236,0.0001663,1
AAPP,PAPA,4,2237,0.0001663,1
BCLO,BLOC,4,2238,0.0001653,1
BCOS,COBS,4,2239,0.0001653,1
BDOY,"BODY
DOBY",4,2240,0.0001653,2
BFOS,FOBS,4,2241,0.0001653,1
BHOS,"BOSH
HOBS",4,2242,0.0001653,2
BLOW,"BLOW
BOWL",4,2243,0.0001653,2
BMOS,MOBS,4,2244,0.0001653,1
BMOU,UMBO,4,2245,0.0001653,1
BOPS,BOPS,4,2246,0.0001653,1
BOSW,"BOWS
SWOB",4,2247,0.0001653,2
BOSY,"BOYS
SYBO
YOBS",4,2248,0.0001653,3
BOUY,BUOY,4,2249,0.0001653,1
CFLO,FLOC,4,2250,0.0001653,1
CHLO,LOCH,4,2251,0.0001653,1
CHOS,COSH,4,2252,0.0001653,1
CHOU,OUCH,4,2253,0.0001653,1
CLOP,CLOP,4,2254,0.0001653,1
CLOW,COWL,4,2255,0.0001653,1
CLOY,"CLOY
COLY",4,2256,0.0001653,2
CMOS,MOCS,4,2257,0.0001653,1
COPS,"COPS
SCOP",4,2258,0.0001653,2
COPU,COUP,4,2259,0.0001653,1
COSW,"COWS
SCOW",4,2260,0.0001653,2
COSY,"COSY
COYS",4,2261,0.0001653,2
DHOW,DHOW,4,2262,0.0001653,1
DHOY,YODH,4,2263,0.0001653,1
DOPY,DOPY,4,2264,0.0001653,1
FLOP,FLOP,4,2265,0.0001653,1
FLOW,"FLOW
FOWL
WOLF",4,2266,0.0001653,3
FOPS,FOPS,4,2267,0.0001653,1
FOPU,POUF,4,2268,0.0001653,1
FOSY,FOYS,4,2269,0.0001653,1
HLMO,HOLM,4,2270,0.0001653,1
HLOP,HOLP,4,2271,0.0001653,1
HLOW,HOWL,4,2272,0.0001653,1
HLOY,HOLY,4,2273,0.0001653,1
HMOS,"HOMS
MHOS
MOSH
OHMS
SHMO",4,2274,0.0001653,5
HOPS,"HOPS
PHOS
POSH
SHOP
SOPH",4,2275,0.0001653,5
HOPU,OUPH,4,2276,0.0001653,1
HOSW,"HOWS
SHOW",4,2277,0.0001653,2
HOSY,HOYS,4,2278,0.0001653,1
LMOY,MOLY,4,2279,0.0001653,1
LOPW,PLOW,4,2280,0.0001653,1
LOPY,"PLOY
POLY",4,2281,0.0001653,2
LOWY,"OWLY
YOWL",4,2282,0.0001653,2
MOPS,"MOPS
POMS",4,2283,0.0001653,2
MOSW,MOWS,4,2284,0.0001653,1
MOUV,OVUM,4,2285,0.0001653,1
OPSW,"POWS
SWOP
WOPS",4,2286,0.0001653,3
OPSY,POSY,4,2287,0.0001653,1
OSVW,VOWS,4,2288,0.0001653,1
OSWY,YOWS,4,2289,0.0001653,1
BEJU,JUBE,4,2290,0.0001642,1
BEUZ,ZEBU,4,2291,0.0001642,1
BKOO,"BOOK
KOBO",4,2292,0.0001642,2
BOOZ,BOZO,4,2293,0.0001642,1
CDEK,DECK,4,2294,0.0001642,1
CEKU,CUKE,4,2295,0.0001642,1
CKOO,COOK,4,2296,0.0001642,1
DEKY,DYKE,4,2297,0.0001642,1
DEXY,DEXY,4,2298,0.0001642,1
EFKS,KEFS,4,2299,0.0001642,1
EFLX,FLEX,4,2300,0.0001642,1
EFUZ,FUZE,4,2301,0.0001642,1
EHJU,JEHU,4,2302,0.0001642,1
EJPU,JUPE,4,2303,0.0001642,1
EJSW,JEWS,4,2304,0.0001642,1
EKLP,KELP,4,2305,0.0001642,1
EKLY,YELK,4,2306,0.0001642,1
EKPS,"KEPS
SKEP",4,2307,0.0001642,2
EKPU,PUKE,4,2308,0.0001642,1
EKSW,SKEW,4,2309,0.0001642,1
EKSY,"KEYS
KYES
SYKE",4,2310,0.0001642,3
EKUY,"YEUK
YUKE",4,2311,0.0001642,2
ELPX,PLEX,4,2312,0.0001642,1
EPSZ,ZEPS,4,2313,0.0001642,1
EQUY,QUEY,4,2314,0.0001642,1
ESXY,SEXY,4,2315,0.0001642,1
HKOO,HOOK,4,2316,0.0001642,1
JMOO,MOJO,4,2317,0.0001642,1
KMOO,MOOK,4,2318,0.0001642,1
MOOZ,"MOZO
ZOOM",4,2319,0.0001642,2
OOYZ,OOZY,4,2320,0.0001642,1
DDSU,"DUDS
SUDD",4,2321,0.0001612,2
DLLU,DULL,4,2322,0.0001612,1
DSSU,SUDS,4,2323,0.0001612,1
LSUU,"SULU
ULUS",4,2324,0.0001612,2
BKNO,"BONK
KNOB",4,2325,0.0001591,2
BKOR,BORK,4,2326,0.0001591,1
CKNO,"CONK
NOCK",4,2327,0.0001591,2
CKOR,"CORK
ROCK",4,2328,0.0001591,2
CKOT,TOCK,4,2329,0.0001591,1
FKOR,FORK,4,2330,0.0001591,1
HJNO,JOHN,4,2331,0.0001591,1
HKNO,HONK,4,2332,0.0001591,1
HKOR,HORK,4,2333,0.0001591,1
KMNO,MONK,4,2334,0.0001591,1
KNOP,KNOP,4,2335,0.0001591,1
KNOW,"KNOW
WONK",4,2336,0.0001591,2
KOPR,PORK,4,2337,0.0001591,1
KORW,WORK,4,2338,0.0001591,1
NOXY,ONYX,4,2339,0.0001591,1
ORXY,ORYX,4,2340,0.0001591,1
EJKR,JERK,4,2341,0.0001566,1
EKRZ,ZERK,4,2342,0.0001566,1
IJKO,KOJI,4,2343,0.0001551,1
EGGY,"EGGY
YEGG",4,2344,0.000153,2
BDSU,"BUDS
DUBS",4,2345,0.000151,2
BLSU,SLUB,4,2346,0.000151,1
CDSU,"CUDS
SCUD",4,2347,0.000151,2
DFSU,FUDS,4,2348,0.000151,1
DLUY,DULY,4,2349,0.000151,1
DMSU,MUDS,4,2350,0.000151,1
DPSU,"DUPS
PUDS
SPUD",4,2351,0.000151,3
FLSU,FLUS,4,2352,0.000151,1
HLSU,"LUSH
SHUL",4,2353,0.000151,2
LMSU,"LUMS
SLUM",4,2354,0.000151,2
LPSU,"PLUS
PULS",4,2355,0.000151,2
LSUV,LUVS,4,2356,0.000151,1
GJOS,JOGS,4,2357,0.0001505,1
ABGM,GAMB,4,2358,0.0001474,1
ABGY,GABY,4,2359,0.0001474,1
ACGH,GACH,4,2360,0.0001474,1
ACGY,CAGY,4,2361,0.0001474,1
AGMP,GAMP,4,2362,0.0001474,1
AGMY,GAMY,4,2363,0.0001474,1
AGPW,GAWP,4,2364,0.0001474,1
AGPY,GAPY,4,2365,0.0001474,1
GHIW,WHIG,4,2366,0.0001474,1
GIMP,GIMP,4,2367,0.0001474,1
ALLL,LALL,4,2368,0.0001469,1
ASSS,SASS,4,2369,0.0001469,1
DKNU,DUNK,4,2370,0.0001459,1
JSTU,"JUST
JUTS",4,2371,0.0001459,2
KLNU,LUNK,4,2372,0.0001459,1
KLRU,LURK,4,2373,0.0001459,1
KNSU,SUNK,4,2374,0.0001459,1
KRSU,RUSK,4,2375,0.0001459,1
KSTU,TUSK,4,2376,0.0001459,1
LTUZ,LUTZ,4,2377,0.0001459,1
BEVY,BEVY,4,2378,0.0001449,1
CEFH,CHEF,4,2379,0.0001449,1
CEFY,FYCE,4,2380,0.0001449,1
CEHM,"CHEM
MECH",4,2381,0.0001449,2
CEHP,PECH,4,2382,0.0001449,1
CEHW,CHEW,4,2383,0.0001449,1
CEHY,YECH,4,2384,0.0001449,1
CEMY,CYME,4,2385,0.0001449,1
EHMP,HEMP,4,2386,0.0001449,1
EHPW,PHEW,4,2387,0.0001449,1
EHPY,HYPE,4,2388,0.0001449,1
EHWY,WHEY,4,2389,0.0001449,1
ABBR,BARB,4,2390,0.0001418,1
AFFN,NAFF,4,2391,0.0001418,1
AFFR,RAFF,4,2392,0.0001418,1
AHHT,HATH,4,2393,0.0001418,1
FFIN,NIFF,4,2394,0.0001418,1
FFIR,RIFF,4,2395,0.0001418,1
FFIT,TIFF,4,2396,0.0001418,1
EEKK,KEEK,4,2397,0.0001408,1
PSST,PSST,4,2398,0.0001387,1
AKSS,"ASKS
SKAS",4,2399,0.0001382,2
IJLL,JILL,4,2400,0.0001382,1
IKLL,KILL,4,2401,0.0001382,1
IKSS,"KISS
SKIS",4,2402,0.0001382,2
ILLZ,ZILL,4,2403,0.0001382,1
NNWY,WYNN,4,2404,0.0001336,1
BGOY,"BOGY
GOBY",4,2405,0.0001326,2
FGOY,FOGY,4,2406,0.0001326,1
GHOY,YOGH,4,2407,0.0001326,1
GOPY,"GYPO
POGY",4,2408,0.0001326,2
LLLO,LOLL,4,2409,0.0001326,1
BBEL,BLEB,4,2410,0.0001316,1
BBES,EBBS,4,2411,0.0001316,1
BBOO,"BOBO
BOOB",4,2412,0.0001316,2
CCOO,COCO,4,2413,0.0001316,1
EFFS,EFFS,4,2414,0.0001316,1
EHHS,HEHS,4,2415,0.0001316,1
EMMS,MEMS,4,2416,0.0001316,1
EPPS,PEPS,4,2417,0.0001316,1
OOPP,POOP,4,2418,0.0001316,1
CEGK,GECK,4,2419,0.0001311,1
GLLU,GULL,4,2420,0.0001306,1
BCRU,CURB,4,2421,0.0001285,1
BHRU,BUHR,4,2422,0.0001285,1
BHTU,BHUT,4,2423,0.0001285,1
BLRY,BYRL,4,2424,0.0001285,1
BMNU,NUMB,4,2425,0.0001285,1
BPRU,BURP,4,2426,0.0001285,1
BRUY,"BURY
RUBY",4,2427,0.0001285,2
CFRU,CURF,4,2428,0.0001285,1
CNSY,SYNC,4,2429,0.0001285,1
CRSY,SCRY,4,2430,0.0001285,1
CSTY,CYST,4,2431,0.0001285,1
DNWY,WYND,4,2432,0.0001285,1
FRUY,FURY,4,2433,0.0001285,1
HPTU,PHUT,4,2434,0.0001285,1
MPRU,RUMP,4,2435,0.0001285,1
MPTU,TUMP,4,2436,0.0001285,1
NPUY,PUNY,4,2437,0.0001285,1
NSWY,WYNS,4,2438,0.0001285,1
PRSY,SPRY,4,2439,0.0001285,1
CCOR,CROC,4,2440,0.0001275,1
FFOT,TOFF,4,2441,0.0001275,1
OPPR,PROP,4,2442,0.0001275,1
ABJS,JABS,4,2443,0.000126,1
ABJU,JUBA,4,2444,0.000126,1
ABKL,BALK,4,2445,0.000126,1
ABKS,"BASK
KABS",4,2446,0.000126,2
ACKL,"CALK
LACK",4,2447,0.000126,2
ACKS,"CASK
SACK",4,2448,0.000126,2
ACLX,CALX,4,2449,0.000126,1
ADHJ,HADJ,4,2450,0.000126,1
ADHK,DHAK,4,2451,0.000126,1
ADKW,DAWK,4,2452,0.000126,1
AFKL,FLAK,4,2453,0.000126,1
AFKS,KAFS,4,2454,0.000126,1
AFLX,"FALX
FLAX",4,2455,0.000126,2
AFUX,FAUX,4,2456,0.000126,1
AHKL,LAKH,4,2457,0.000126,1
AHKU,HAKU,4,2458,0.000126,1
AJMS,JAMS,4,2459,0.000126,1
AJPU,"JAUP
PUJA",4,2460,0.000126,2
AJSW,JAWS,4,2461,0.000126,1
AJSY,JAYS,4,2462,0.000126,1
AKLW,WALK,4,2463,0.000126,1
AKLY,"ALKY
LAKY",4,2464,0.000126,2
AKMS,MASK,4,2465,0.000126,1
AKPS,PAKS,4,2466,0.000126,1
AKPU,KAPU,4,2467,0.000126,1
AKSV,KVAS,4,2468,0.000126,1
AKSY,"KAYS
YAKS",4,2469,0.000126,2
AKUW,WAUK,4,2470,0.000126,1
ALYZ,LAZY,4,2471,0.000126,1
APSZ,"SPAZ
ZAPS",4,2472,0.000126,2
AQUY,QUAY,4,2473,0.000126,1
BIJS,JIBS,4,2474,0.000126,1
BIKL,BILK,4,2475,0.000126,1
BIKS,BISK,4,2476,0.000126,1
CDIK,DICK,4,2477,0.000126,1
CIKL,LICK,4,2478,0.000126,1
CIKS,"ICKS
SICK",4,2479,0.000126,2
FIJU,FUJI,4,2480,0.000126,1
FIKL,FILK,4,2481,0.000126,1
FIKS,KIFS,4,2482,0.000126,1
FIKU,KUFI,4,2483,0.000126,1
HIKS,KHIS,4,2484,0.000126,1
IJMS,JISM,4,2485,0.000126,1
IKLM,MILK,4,2486,0.000126,1
IKMS,SKIM,4,2487,0.000126,1
IKPS,"KIPS
SKIP
SPIK",4,2488,0.000126,3
IPQU,QUIP,4,2489,0.000126,1
IPSZ,ZIPS,4,2490,0.000126,1
ISYZ,SIZY,4,2491,0.000126,1
JOSS,JOSS,4,2492,0.0001245,1
KOSS,KOSS,4,2493,0.0001245,1
BGSU,BUGS,4,2494,0.0001214,1
FGLU,GULF,4,2495,0.0001214,1
FGSU,FUGS,4,2496,0.0001214,1
GHSU,"GUSH
HUGS
SUGH
UGHS",4,2497,0.0001214,4
GLMU,GLUM,4,2498,0.0001214,1
GLPU,"GULP
PLUG",4,2499,0.0001214,2
GLUY,UGLY,4,2500,0.0001214,1
GMSU,"GUMS
MUGS
SMUG",4,2501,0.0001214,3
GPSU,PUGS,4,2502,0.0001214,1
GSUV,"GUVS
VUGS",4,2503,0.0001214,2
GSUY,GUYS,4,2504,0.0001214,1
AEKK,EKKA,4,2505,0.0001209,1
EIKK,KIKE,4,2506,0.0001209,1
IJKN,JINK,4,2507,0.0001199,1
IJNX,JINX,4,2508,0.0001199,1
GGIM,MIGG,4,2509,0.0001178,1
GKNU,GUNK,4,2510,0.0001168,1
BJOS,JOBS,4,2511,0.0001132,1
BKOS,"BOSK
KOBS",4,2512,0.0001132,2
CDKO,DOCK,4,2513,0.0001132,1
CJOU,JUCO,4,2514,0.0001132,1
CKLO,LOCK,4,2515,0.0001132,1
CKOS,SOCK,4,2516,0.0001132,1
DOXY,DOXY,4,2517,0.0001132,1
DOYZ,DOZY,4,2518,0.0001132,1
FKLO,FOLK,4,2519,0.0001132,1
HJOS,JOSH,4,2520,0.0001132,1
HKLO,"HOLK
KOHL",4,2521,0.0001132,2
JLOW,JOWL,4,2522,0.0001132,1
JOSW,JOWS,4,2523,0.0001132,1
JOSY,JOYS,4,2524,0.0001132,1
KLOV,VOLK,4,2525,0.0001132,1
KLOY,YOLK,4,2526,0.0001132,1
KMOS,MOSK,4,2527,0.0001132,1
KOPS,KOPS,4,2528,0.0001132,1
KOSW,WOKS,4,2529,0.0001132,1
KOSY,YOKS,4,2530,0.0001132,1
JKOO,JOOK,4,2531,0.0001127,1
ABCH,BACH,4,2532,0.0001112,1
ACHM,"CHAM
MACH",4,2533,0.0001112,2
ACHP,"CAPH
CHAP",4,2534,0.0001112,2
ACHW,CHAW,4,2535,0.0001112,1
ACHY,"ACHY
CHAY",4,2536,0.0001112,2
ACMP,CAMP,4,2537,0.0001112,1
ACMY,CYMA,4,2538,0.0001112,1
ACPY,PACY,4,2539,0.0001112,1
ACVY,CAVY,4,2540,0.0001112,1
AHMW,WHAM,4,2541,0.0001112,1
AHPW,WHAP,4,2542,0.0001112,1
AMPV,VAMP,4,2543,0.0001112,1
APWY,YAWP,4,2544,0.0001112,1
AVWY,WAVY,4,2545,0.0001112,1
CHIP,CHIP,4,2546,0.0001112,1
CHIW,WICH,4,2547,0.0001112,1
CIPY,PYIC,4,2548,0.0001112,1
HIMW,WHIM,4,2549,0.0001112,1
HIPW,WHIP,4,2550,0.0001112,1
IMPW,WIMP,4,2551,0.0001112,1
EJKU,JUKE,4,2552,0.0001107,1
EJUX,JEUX,4,2553,0.0001107,1
EKSZ,ZEKS,4,2554,0.0001107,1
KNOZ,ZONK,4,2555,0.0001076,1
GGHO,HOGG,4,2556,0.0001061,1
LLUU,LULU,4,2557,0.0001061,1
DKSU,DUSK,4,2558,0.000104,1
KLSU,SULK,4,2559,0.000104,1
ABBL,BLAB,4,2560,0.000101,1
ABBU,BABU,4,2561,0.000101,1
ADFF,DAFF,4,2562,0.000101,1
AHHS,"HAHS
HASH
SHAH",4,2563,0.000101,3
ALMM,MALM,4,2564,0.000101,1
ALPP,PALP,4,2565,0.000101,1
ALWW,WAWL,4,2566,0.000101,1
AMMS,MAMS,4,2567,0.000101,1
AMMU,UMMA,4,2568,0.000101,1
APPS,"APPS
PAPS",4,2569,0.000101,2
APPU,PUPA,4,2570,0.000101,1
ASVV,VAVS,4,2571,0.000101,1
ASWW,WAWS,4,2572,0.000101,1
ASYY,YAYS,4,2573,0.000101,1
BBIS,"BIBS
SIBB",4,2574,0.000101,2
DFFI,DIFF,4,2575,0.000101,1
IPPS,PIPS,4,2576,0.000101,1
AGKW,GAWK,4,2577,0.0001005,1
BCMO,COMB,4,2578,9.997e-05,1
BLLU,BULL,4,2579,9.997e-05,1
BMOW,WOMB,4,2580,9.997e-05,1
BSSU,"BUSS
SUBS",4,2581,9.997e-05,2
CHOP,CHOP,4,2582,9.997e-05,1
CHOW,CHOW,4,2583,9.997e-05,1
CLLU,CULL,4,2584,9.997e-05,1
CMOP,COMP,4,2585,9.997e-05,1
COPY,COPY,4,2586,9.997e-05,1
COWY,COWY,4,2587,9.997e-05,1
CSSU,CUSS,4,2588,9.997e-05,1
DPUU,PUDU,4,2589,9.997e-05,1
FHOW,HOWF,4,2590,9.997e-05,1
FSSU,FUSS,4,2591,9.997e-05,1
HLLU,HULL,4,2592,9.997e-05,1
HMOW,WHOM,4,2593,9.997e-05,1
HMOY,HOMY,4,2594,9.997e-05,1
HOPW,WHOP,4,2595,9.997e-05,1
HOPY,HYPO,4,2596,9.997e-05,1
LLMU,MULL,4,2597,9.997e-05,1
LLPU,PULL,4,2598,9.997e-05,1
MOPY,"MOPY
YOMP",4,2599,9.997e-05,2
MSSU,"MUSS
SUMS",4,2600,9.997e-05,2
SSUW,WUSS,4,2601,9.997e-05,1
FLLU,FULL,4,2602,9.997e-05,1
PSSU,"PUSS
SUPS",4,2603,9.997e-05,2
BCEK,BECK,4,2604,9.793e-05,1
CEFK,FECK,4,2605,9.793e-05,1
CEHK,HECK,4,2606,9.793e-05,1
CEHZ,CHEZ,4,2607,9.793e-05,1
CEKP,PECK,4,2608,9.793e-05,1
EFKY,FYKE,4,2609,9.793e-05,1
EKMP,KEMP,4,2610,9.793e-05,1
EMYZ,ZYME,4,2611,9.793e-05,1
KRUU,KURU,4,2612,9.691e-05,1
GGLU,GLUG,4,2613,9.691e-05,1
KSST,TSKS,4,2614,9.691e-05,1
BDMU,DUMB,4,2615,9.181e-05,1
BSUY,"BUSY
BUYS",4,2616,9.181e-05,2
CHSU,SUCH,4,2617,9.181e-05,1
CMSU,"CUMS
SCUM",4,2618,9.181e-05,2
CPSU,"CUPS
CUSP
SCUP",4,2619,9.181e-05,3
MSUY,SUMY,4,2620,9.181e-05,1
AIKK,KAKI,4,2621,9.181e-05,1
BCLU,CLUB,4,2622,9.181e-05,1
BCSU,CUBS,4,2623,9.181e-05,1
BFLU,FLUB,4,2624,9.181e-05,1
BFSU,FUBS,4,2625,9.181e-05,1
BHLU,BUHL,4,2626,9.181e-05,1
BHSU,"BUSH
HUBS",4,2627,9.181e-05,2
BMSU,BUMS,4,2628,9.181e-05,1
BPSU,PUBS,4,2629,9.181e-05,1
CLMU,CULM,4,2630,9.181e-05,1
DMPU,DUMP,4,2631,9.181e-05,1
HMSU,"HUMS
MUSH",4,2632,9.181e-05,2
HPSU,PUSH,4,2633,9.181e-05,1
LMPU,"LUMP
PLUM",4,2634,9.181e-05,2
MPSU,"SUMP
UMPS",4,2635,9.181e-05,2
MSUW,SWUM,4,2636,9.181e-05,1
PSUY,YUPS,4,2637,9.181e-05,1
BBOS,BOBS,4,2638,9.079e-05,1
BBLO,BLOB,4,2639,9.079e-05,1
BBOU,BUBO,4,2640,9.079e-05,1
DFFO,DOFF,4,2641,9.079e-05,1
FFOS,OFFS,4,2642,9.079e-05,1
LOPP,PLOP,4,2643,9.079e-05,1
MMOS,MOMS,4,2644,9.079e-05,1
OPPS,POPS,4,2645,9.079e-05,1
OSWW,WOWS,4,2646,9.079e-05,1
GKOW,GOWK,4,2647,9.028e-05,1
BKNU,BUNK,4,2648,8.773e-05,1
BRUX,BRUX,4,2649,8.773e-05,1
CKRU,RUCK,4,2650,8.773e-05,1
CRUX,CRUX,4,2651,8.773e-05,1
HKRU,RUKH,4,2652,8.773e-05,1
KMRU,MURK,4,2653,8.773e-05,1
KNPU,PUNK,4,2654,8.773e-05,1
KRSY,SKRY,4,2655,8.773e-05,1
STXY,XYST,4,2656,8.773e-05,1
BKRU,BURK,4,2657,8.773e-05,1
CKTU,TUCK,4,2658,8.773e-05,1
FKNU,FUNK,4,2659,8.773e-05,1
FTUZ,FUTZ,4,2660,8.773e-05,1
HKNU,HUNK,4,2661,8.773e-05,1
JRUY,JURY,4,2662,8.773e-05,1
LNXY,LYNX,4,2663,8.773e-05,1
PTUZ,PUTZ,4,2664,8.773e-05,1
TUYZ,YUTZ,4,2665,8.773e-05,1
IQUZ,QUIZ,4,2666,8.467e-05,1
AJKU,JAUK,4,2667,8.467e-05,1
GJSU,JUGS,4,2668,8.314e-05,1
AGGJ,JAGG,4,2669,8.11e-05,1
AFFG,GAFF,4,2670,8.059e-05,1
FGUU,FUGU,4,2671,8.059e-05,1
GHHI,HIGH,4,2672,8.059e-05,1
EHWW,WHEW,4,2673,7.855e-05,1
EMMY,EMMY,4,2674,7.855e-05,1
AAKK,KAKA,4,2675,7.804e-05,1
HMTY,MYTH,4,2676,7.753e-05,1
HMNY,HYMN,4,2677,7.753e-05,1
JKOU,JOUK,4,2678,7.6e-05,1
KOUZ,ZOUK,4,2679,7.6e-05,1
LLLU,LULL,4,2680,7.549e-05,1
SSSU,SUSS,4,2681,7.549e-05,1
ABCK,BACK,4,2682,7.498e-05,1
ABJM,JAMB,4,2683,7.498e-05,1
ABKW,BAWK,4,2684,7.498e-05,1
ACHK,HACK,4,2685,7.498e-05,1
ACHZ,CAZH,4,2686,7.498e-05,1
ACKM,MACK,4,2687,7.498e-05,1
ACKP,PACK,4,2688,7.498e-05,1
ACKW,WACK,4,2689,7.498e-05,1
ACKY,"CAKY
YACK",4,2690,7.498e-05,2
AFHK,KHAF,4,2691,7.498e-05,1
AHKP,KAPH,4,2692,7.498e-05,1
AHKW,HAWK,4,2693,7.498e-05,1
AHYZ,HAZY,4,2694,7.498e-05,1
AMYZ,MAZY,4,2695,7.498e-05,1
AWXY,WAXY,4,2696,7.498e-05,1
CHIK,HICK,4,2697,7.498e-05,1
CIKM,MICK,4,2698,7.498e-05,1
CIKP,PICK,4,2699,7.498e-05,1
CIKW,WICK,4,2700,7.498e-05,1
CIKY,ICKY,4,2701,7.498e-05,1
HIPZ,PHIZ,4,2702,7.498e-05,1
HIWZ,WHIZ,4,2703,7.498e-05,1
IJMP,JIMP,4,2704,7.498e-05,1
IJVY,JIVY,4,2705,7.498e-05,1
IPXY,PIXY,4,2706,7.498e-05,1
GPSY,GYPS,4,2707,7.345e-05,1
CGHU,CHUG,4,2708,7.345e-05,1
GHPU,PUGH,4,2709,7.345e-05,1
GHUV,VUGH,4,2710,7.345e-05,1
GMSY,GYMS,4,2711,7.345e-05,1
FFNU,NUFF,4,2712,7.039e-05,1
HHNU,HUNH,4,2713,7.039e-05,1
BBRU,BURB,4,2714,7.039e-05,1
FFRU,RUFF,4,2715,7.039e-05,1
FFTU,TUFF,4,2716,7.039e-05,1
QSSU,SUQS,4,2717,6.937e-05,1
DKUU,KUDU,4,2718,6.937e-05,1
KSSU,SUKS,4,2719,6.937e-05,1
BCKO,BOCK,4,2720,6.733e-05,1
BOXY,BOXY,4,2721,6.733e-05,1
CHKO,HOCK,4,2722,6.733e-05,1
CKMO,MOCK,4,2723,6.733e-05,1
CKOP,POCK,4,2724,6.733e-05,1
CKOY,"COKY
YOCK",4,2725,6.733e-05,2
COYZ,COZY,4,2726,6.733e-05,1
FOXY,FOXY,4,2727,6.733e-05,1
FOYZ,FOZY,4,2728,6.733e-05,1
HKOP,KOPH,4,2729,6.733e-05,1
HKOW,HOWK,4,2730,6.733e-05,1
HOPQ,QOPH,4,2731,6.733e-05,1
KOPY,POKY,4,2732,6.733e-05,1
OPXY,POXY,4,2733,6.733e-05,1
ARZZ,RAZZ,4,2734,6.274e-05,1
IKKN,KINK,4,2735,6.274e-05,1
IKKR,KIRK,4,2736,6.274e-05,1
ITZZ,TIZZ,4,2737,6.274e-05,1
DJUY,JUDY,4,2738,6.223e-05,1
HKSU,"HUSK
SUKH",4,2739,6.223e-05,2
KMSU,MUSK,4,2740,6.223e-05,1
KSUY,YUKS,4,2741,6.223e-05,1
BKLU,BULK,4,2742,6.223e-05,1
BKSU,BUSK,4,2743,6.223e-05,1
CDKU,DUCK,4,2744,6.223e-05,1
CKLU,LUCK,4,2745,6.223e-05,1
CKSU,"CUSK
SUCK",4,2746,6.223e-05,2
FLUX,FLUX,4,2747,6.223e-05,1
HKLU,HULK,4,2748,6.223e-05,1
KLPU,PULK,4,2749,6.223e-05,1
KKOO,KOOK,4,2750,6.121e-05,1
ABBY,BABY,4,2751,6.019e-05,1
ABFF,BAFF,4,2752,6.019e-05,1
ACFF,CAFF,4,2753,6.019e-05,1
AFFW,WAFF,4,2754,6.019e-05,1
AFFY,YAFF,4,2755,6.019e-05,1
BFFI,BIFF,4,2756,6.019e-05,1
CCHI,CHIC,4,2757,6.019e-05,1
FFIM,MIFF,4,2758,6.019e-05,1
FFIV,VIFF,4,2759,6.019e-05,1
FFIY,IFFY,4,2760,6.019e-05,1
IMMY,IMMY,4,2761,6.019e-05,1
IMPP,PIMP,4,2762,6.019e-05,1
IPPY,PIPY,4,2763,6.019e-05,1
GGMU,MUGG,4,2764,5.917e-05,1
GGUV,VUGG,4,2765,5.917e-05,1
JKNU,JUNK,4,2766,5.866e-05,1
KKNO,KONK,4,2767,5.61e-05,1
BCHU,CHUB,4,2768,5.508e-05,1
BPUY,UPBY,4,2769,5.508e-05,1
CHLY,LYCH,4,2770,5.508e-05,1
CHMU,"CHUM
MUCH",4,2771,5.508e-05,2
CHUY,YUCH,4,2772,5.508e-05,1
CMSW,CWMS,4,2773,5.508e-05,1
CMSY,MYCS,4,2774,5.508e-05,1
HLWY,HWYL,4,2775,5.508e-05,1
HMPU,"HUMP
UMPH",4,2776,5.508e-05,2
HPSY,"HYPS
SYPH",4,2777,5.508e-05,2
HPUW,WHUP,4,2778,5.508e-05,1
HSWY,WHYS,4,2779,5.508e-05,1
BFMU,BUMF,4,2780,5.508e-05,1
BMPU,BUMP,4,2781,5.508e-05,1
FMUY,FUMY,4,2782,5.508e-05,1
BBCO,COBB,4,2783,5.406e-05,1
CMMO,COMM,4,2784,5.406e-05,1
BFFO,BOFF,4,2785,5.406e-05,1
CFFO,COFF,4,2786,5.406e-05,1
BBMO,BOMB,4,2787,5.406e-05,1
CCHO,CHOC,4,2788,5.406e-05,1
MOPP,POMP,4,2789,5.406e-05,1
BBLU,"BLUB
BULB",4,2790,4.998e-05,2
BBSU,BUBS,4,2791,4.998e-05,1
DFFU,DUFF,4,2792,4.998e-05,1
FFLU,LUFF,4,2793,4.998e-05,1
HHSU,HUSH,4,2794,4.998e-05,1
LPPU,PULP,4,2795,4.998e-05,1
MMSU,MUMS,4,2796,4.998e-05,1
PPSU,PUPS,4,2797,4.998e-05,1
ACJK,JACK,4,2798,4.947e-05,1
CGKU,GUCK,4,2799,4.947e-05,1
JKOY,JOKY,4,2800,4.437e-05,1
CJKO,JOCK,4,2801,4.437e-05,1
IKKL,KLIK,4,2802,4.335e-05,1
FFPT,PFFT,4,2803,4.182e-05,1
PPTY,TYPP,4,2804,4.182e-05,1
PTYY,TYPY,4,2805,4.182e-05,1
UUYZ,YUZU,4,2806,4.182e-05,1
BBIJ,JIBB,4,2807,3.978e-05,1
FFGU,GUFF,4,2808,3.978e-05,1
FFIJ,JIFF,4,2809,3.978e-05,1
BCKU,BUCK,4,2810,3.672e-05,1
CFKU,FUCK,4,2811,3.672e-05,1
CHKU,HUCK,4,2812,3.672e-05,1
CKMU,MUCK,4,2813,3.672e-05,1
CKPU,PUCK,4,2814,3.672e-05,1
CKUY,YUCK,4,2815,3.672e-05,1
JMPU,JUMP,4,2816,3.672e-05,1
CCKO,COCK,4,2817,3.57e-05,1
BBUU,BUBU,4,2818,3.366e-05,1
MMUU,MUMU,4,2819,3.366e-05,1
PPUU,PUPU,4,2820,3.366e-05,1
CHWY,WYCH,4,2821,3.264e-05,1
CEKK,KECK,4,2822,3.162e-05,1
BFFU,BUFF,4,2823,2.958e-05,1
FFMU,MUFF,4,2824,2.958e-05,1
CFFU,CUFF,4,2825,2.958e-05,1
FFHU,HUFF,4,2826,2.958e-05,1
FFPU,PUFF,4,2827,2.958e-05,1
MMPU,MUMP,4,2828,2.958e-05,1
MPPU,PUMP,4,2829,2.958e-05,1
JKUU,JUKU,4,2830,2.805e-05,1
ABZZ,BAZZ,4,2831,2.397e-05,1
AHJJ,HAJJ,4,2832,2.397e-05,1
AKKY,KYAK,4,2833,2.397e-05,1
CIKK,KICK,4,2834,2.397e-05,1
FIZZ,FIZZ,4,2835,2.397e-05,1
AFFF,FAFF,4,2836,1.938e-05,1
BBBI,BIBB,4,2837,1.938e-05,1
AJZZ,JAZZ,4,2838,1.428e-05,1
IJZZ,JIZZ,4,2839,1.428e-05,1
JJUU,JUJU,4,2840,1.428e-05,1
BUZZ,BUZZ,4,2841,1.122e-05,1
FUZZ,FUZZ,4,2842,1.122e-05,1
HHHS,SHHH,4,2843,9.181e-06,1
MMMU,MUMM,4,2844,9.181e-06,1
HMMM,HMMM,4,2845,5.1e-06,1
IZZZ,ZIZZ,4,2846,4.59e-06,1
